,amt_name,description_x,location,address,description_y,title,link,main_video,display_flag
0,24 Hrs Security Personal,SECURITY ,"Praneeth Pranav Antilia Rd, Bachupally, Hyderabad, Telangana 500090, India","Praneeth Pranav Antilia Rd, Bachupally, Hyderabad, Telangana 500090, India",KESHAVA REDDY SCHOOL,PRANAV ANTILIA VILLAS IN BACHUPALLI HYDERABAD,https://www.youtube.com/embed/HW3S0FTGvd4,Yes,s
39,24 Hrs Security Personal,SECURITY ,"Praneeth Pranav Antilia Rd, Bachupally, Hyderabad, Telangana 500090, India","Praneeth Pranav Antilia Rd, Bachupally, Hyderabad, Telangana 500090, India",BACHUPALLY X ROADS,PRANAV ANTILIA VILLAS IN BACHUPALLI HYDERABAD,https://www.youtube.com/embed/HW3S0FTGvd4,Yes,s
78,24 Hrs Security Personal,SECURITY ,"Praneeth Pranav Antilia Rd, Bachupally, Hyderabad, Telangana 500090, India","Praneeth Pranav Antilia Rd, Bachupally, Hyderabad, Telangana 500090, India",ANDHRABANK ,PRANAV ANTILIA VILLAS IN BACHUPALLI HYDERABAD,https://www.youtube.com/embed/HW3S0FTGvd4,Yes,s
117,24 Hrs Security Personal,SECURITY ,"Praneeth Pranav Antilia Rd, Bachupally, Hyderabad, Telangana 500090, India","Praneeth Pranav Antilia Rd, Bachupally, Hyderabad, Telangana 500090, India",MALLAMPET,PRANAV ANTILIA VILLAS IN BACHUPALLI HYDERABAD,https://www.youtube.com/embed/HW3S0FTGvd4,Yes,s
156,24 Hrs Security Personal,SECURITY ,"Praneeth Pranav Antilia Rd, Bachupally, Hyderabad, Telangana 500090, India","Praneeth Pranav Antilia Rd, Bachupally, Hyderabad, Telangana 500090, India",NIZAMPET,PRANAV ANTILIA VILLAS IN BACHUPALLI HYDERABAD,https://www.youtube.com/embed/HW3S0FTGvd4,Yes,s
195,24 Hrs Security Personal,SECURITY ,"Praneeth Pranav Antilia Rd, Bachupally, Hyderabad, Telangana 500090, India","Praneeth Pranav Antilia Rd, Bachupally, Hyderabad, Telangana 500090, India",REDDY LABS,PRANAV ANTILIA VILLAS IN BACHUPALLI HYDERABAD,https://www.youtube.com/embed/HW3S0FTGvd4,Yes,s
234,24 Hrs Security Personal,SECURITY ,"Praneeth Pranav Antilia Rd, Bachupally, Hyderabad, Telangana 500090, India","Praneeth Pranav Antilia Rd, Bachupally, Hyderabad, Telangana 500090, India",ANDHRA BANK,PRANAV ANTILIA VILLAS IN BACHUPALLI HYDERABAD,https://www.youtube.com/embed/HW3S0FTGvd4,Yes,s
273,24 Hrs Security Personal,SECURITY ,"Praneeth Pranav Antilia Rd, Bachupally, Hyderabad, Telangana 500090, India","Praneeth Pranav Antilia Rd, Bachupally, Hyderabad, Telangana 500090, India",CYBER TOWERS,PRANAV ANTILIA VILLAS IN BACHUPALLI HYDERABAD,https://www.youtube.com/embed/HW3S0FTGvd4,Yes,s
312,24 Hrs Security Personal,SECURITY ,"Praneeth Pranav Antilia Rd, Bachupally, Hyderabad, Telangana 500090, India","Praneeth Pranav Antilia Rd, Bachupally, Hyderabad, Telangana 500090, India",DLF ,PRANAV ANTILIA VILLAS IN BACHUPALLI HYDERABAD,https://www.youtube.com/embed/HW3S0FTGvd4,Yes,s
351,24 Hrs Security Personal,Security Guards,"Rasasri Villas, Nizampet Rd, Bachupally, Nizampet, Hyderabad, Telangana 500090, India","Rasasri Villas, Nizampet Rd, Bachupally, Nizampet, Hyderabad, Telangana 500090, India",Sri Vagdevi Archis School,RASASRI VILLAS IN BACHUPALLI HYDERABAD,https://www.youtube.com/embed/zmYmdm9hEBU,Yes,s
372,24 Hrs Security Personal,Security Guards,"Rasasri Villas, Nizampet Rd, Bachupally, Nizampet, Hyderabad, Telangana 500090, India","Rasasri Villas, Nizampet Rd, Bachupally, Nizampet, Hyderabad, Telangana 500090, India",Kisanmart,RASASRI VILLAS IN BACHUPALLI HYDERABAD,https://www.youtube.com/embed/zmYmdm9hEBU,Yes,s
393,24 Hrs Security Personal,Security Guards,"Rasasri Villas, Nizampet Rd, Bachupally, Nizampet, Hyderabad, Telangana 500090, India","Rasasri Villas, Nizampet Rd, Bachupally, Nizampet, Hyderabad, Telangana 500090, India",Dr Reddys laboratories,RASASRI VILLAS IN BACHUPALLI HYDERABAD,https://www.youtube.com/embed/zmYmdm9hEBU,Yes,s
414,24 Hrs Security Personal,Security Guards,"Rasasri Villas, Nizampet Rd, Bachupally, Nizampet, Hyderabad, Telangana 500090, India","Rasasri Villas, Nizampet Rd, Bachupally, Nizampet, Hyderabad, Telangana 500090, India",Axis Bank,RASASRI VILLAS IN BACHUPALLI HYDERABAD,https://www.youtube.com/embed/zmYmdm9hEBU,Yes,s
435,24 Hrs Security Personal,Security Guards,"Rasasri Villas, Nizampet Rd, Bachupally, Nizampet, Hyderabad, Telangana 500090, India","Rasasri Villas, Nizampet Rd, Bachupally, Nizampet, Hyderabad, Telangana 500090, India",Bombay High way,RASASRI VILLAS IN BACHUPALLI HYDERABAD,https://www.youtube.com/embed/zmYmdm9hEBU,Yes,s
456,24 Hrs Security Personal,Security Guards,"Rasasri Villas, Nizampet Rd, Bachupally, Nizampet, Hyderabad, Telangana 500090, India","Rasasri Villas, Nizampet Rd, Bachupally, Nizampet, Hyderabad, Telangana 500090, India",Miyapur Metro Station,RASASRI VILLAS IN BACHUPALLI HYDERABAD,https://www.youtube.com/embed/zmYmdm9hEBU,Yes,s
477,24 Hrs Security Personal,Security Guards,"Rasasri Villas, Nizampet Rd, Bachupally, Nizampet, Hyderabad, Telangana 500090, India","Rasasri Villas, Nizampet Rd, Bachupally, Nizampet, Hyderabad, Telangana 500090, India",Cyber Tower,RASASRI VILLAS IN BACHUPALLI HYDERABAD,https://www.youtube.com/embed/zmYmdm9hEBU,Yes,s
498,24 Hrs Security Personal,Security Guards,"Rasasri Villas, Nizampet Rd, Bachupally, Nizampet, Hyderabad, Telangana 500090, India","Rasasri Villas, Nizampet Rd, Bachupally, Nizampet, Hyderabad, Telangana 500090, India",IT Park,RASASRI VILLAS IN BACHUPALLI HYDERABAD,https://www.youtube.com/embed/zmYmdm9hEBU,Yes,s
519,24 Hrs Security Personal,Security Guards,"Unnamed Road, Ameenpur, Miyapur, Hyderabad, Telangana 502325, India","Unnamed Road, Ameenpur, Miyapur, Hyderabad, Telangana 502325, India",KENNEDY HIGH the global school Schools,SUNWAY OPUS GRAND NEVILLE APARTMENTS IN BACHUPALLI HYDERABAD,https://www.youtube.com/embed/Um97tUb0R8M,Yes,s
577,24 Hrs Security Personal,Security Guards,"Unnamed Road, Ameenpur, Miyapur, Hyderabad, Telangana 502325, India","Unnamed Road, Ameenpur, Miyapur, Hyderabad, Telangana 502325, India",KENNEDY HIGH the global school Schools,SUNWAY OPUS GRAND NIVELLE APARTMENTS IN AMEENPUR HYDERABAD,https://www.youtube.com/embed/GRbDEYrhCmc,No,s
635,24 Hrs Security Personal,Security Guards,"Unnamed Road, Ameenpur, Miyapur, Hyderabad, Telangana 502325, India","Unnamed Road, Ameenpur, Miyapur, Hyderabad, Telangana 502325, India",Bombay High way,SUNWAY OPUS GRAND NEVILLE APARTMENTS IN BACHUPALLI HYDERABAD,https://www.youtube.com/embed/Um97tUb0R8M,Yes,s
693,24 Hrs Security Personal,Security Guards,"Unnamed Road, Ameenpur, Miyapur, Hyderabad, Telangana 502325, India","Unnamed Road, Ameenpur, Miyapur, Hyderabad, Telangana 502325, India",Bombay High way,SUNWAY OPUS GRAND NIVELLE APARTMENTS IN AMEENPUR HYDERABAD,https://www.youtube.com/embed/GRbDEYrhCmc,No,s
751,24 Hrs Security Personal,Security Guards,"Unnamed Road, Ameenpur, Miyapur, Hyderabad, Telangana 502325, India","Unnamed Road, Ameenpur, Miyapur, Hyderabad, Telangana 502325, India",Miyapur Metro Station,SUNWAY OPUS GRAND NEVILLE APARTMENTS IN BACHUPALLI HYDERABAD,https://www.youtube.com/embed/Um97tUb0R8M,Yes,s
809,24 Hrs Security Personal,Security Guards,"Unnamed Road, Ameenpur, Miyapur, Hyderabad, Telangana 502325, India","Unnamed Road, Ameenpur, Miyapur, Hyderabad, Telangana 502325, India",Miyapur Metro Station,SUNWAY OPUS GRAND NIVELLE APARTMENTS IN AMEENPUR HYDERABAD,https://www.youtube.com/embed/GRbDEYrhCmc,No,s
867,24 Hrs Security Personal,Security Guards,"Unnamed Road, Ameenpur, Miyapur, Hyderabad, Telangana 502325, India","Unnamed Road, Ameenpur, Miyapur, Hyderabad, Telangana 502325, India",Chandanagar or Lingampally Station,SUNWAY OPUS GRAND NEVILLE APARTMENTS IN BACHUPALLI HYDERABAD,https://www.youtube.com/embed/Um97tUb0R8M,Yes,s
925,24 Hrs Security Personal,Security Guards,"Unnamed Road, Ameenpur, Miyapur, Hyderabad, Telangana 502325, India","Unnamed Road, Ameenpur, Miyapur, Hyderabad, Telangana 502325, India",Chandanagar or Lingampally Station,SUNWAY OPUS GRAND NIVELLE APARTMENTS IN AMEENPUR HYDERABAD,https://www.youtube.com/embed/GRbDEYrhCmc,No,s
983,24 Hrs Security Personal,Security Guards,"Unnamed Road, Ameenpur, Miyapur, Hyderabad, Telangana 502325, India","Unnamed Road, Ameenpur, Miyapur, Hyderabad, Telangana 502325, India",Cyber Tower,SUNWAY OPUS GRAND NEVILLE APARTMENTS IN BACHUPALLI HYDERABAD,https://www.youtube.com/embed/Um97tUb0R8M,Yes,s
1041,24 Hrs Security Personal,Security Guards,"Unnamed Road, Ameenpur, Miyapur, Hyderabad, Telangana 502325, India","Unnamed Road, Ameenpur, Miyapur, Hyderabad, Telangana 502325, India",Cyber Tower,SUNWAY OPUS GRAND NIVELLE APARTMENTS IN AMEENPUR HYDERABAD,https://www.youtube.com/embed/GRbDEYrhCmc,No,s
1099,24 Hrs Security Personal,Security Guards,"Unnamed Road, Ameenpur, Miyapur, Hyderabad, Telangana 502325, India","Unnamed Road, Ameenpur, Miyapur, Hyderabad, Telangana 502325, India",DLF IT PARK,SUNWAY OPUS GRAND NEVILLE APARTMENTS IN BACHUPALLI HYDERABAD,https://www.youtube.com/embed/Um97tUb0R8M,Yes,s
1157,24 Hrs Security Personal,Security Guards,"Unnamed Road, Ameenpur, Miyapur, Hyderabad, Telangana 502325, India","Unnamed Road, Ameenpur, Miyapur, Hyderabad, Telangana 502325, India",DLF IT PARK,SUNWAY OPUS GRAND NIVELLE APARTMENTS IN AMEENPUR HYDERABAD,https://www.youtube.com/embed/GRbDEYrhCmc,No,s
1215,24 Hrs Security Personal,Security Guards,"3, MAA Villas Rd, Bachupally, Nizampet, Hyderabad, Telangana 500049, India","3, MAA Villas Rd, Bachupally, Nizampet, Hyderabad, Telangana 500049, India",International school,PRIME GARDENIA VILLAS IN BACHUPALLI HYDERABAD,https://www.youtube.com/embed/NEdZ3hLEPQo,Yes,s
1235,24 Hrs Security Personal,Security Guards,"3, MAA Villas Rd, Bachupally, Nizampet, Hyderabad, Telangana 500049, India","3, MAA Villas Rd, Bachupally, Nizampet, Hyderabad, Telangana 500049, India",Kukatpally Auto Stand,PRIME GARDENIA VILLAS IN BACHUPALLI HYDERABAD,https://www.youtube.com/embed/NEdZ3hLEPQo,Yes,s
1255,24 Hrs Security Personal,Security Guards,"3, MAA Villas Rd, Bachupally, Nizampet, Hyderabad, Telangana 500049, India","3, MAA Villas Rd, Bachupally, Nizampet, Hyderabad, Telangana 500049, India",Miyapur Bus Stand,PRIME GARDENIA VILLAS IN BACHUPALLI HYDERABAD,https://www.youtube.com/embed/NEdZ3hLEPQo,Yes,s
1275,24 Hrs Security Personal,Security Guards,"3, MAA Villas Rd, Bachupally, Nizampet, Hyderabad, Telangana 500049, India","3, MAA Villas Rd, Bachupally, Nizampet, Hyderabad, Telangana 500049, India",Nizampet X Road,PRIME GARDENIA VILLAS IN BACHUPALLI HYDERABAD,https://www.youtube.com/embed/NEdZ3hLEPQo,Yes,s
1295,24 Hrs Security Personal,Security Guards,"Rd Number 7, Hill County Phase-1, Hill County, Nizampet, Hyderabad, Telangana 500090, India","Rd Number 7, Hill County Phase-1, Hill County, Nizampet, Hyderabad, Telangana 500090, India",Oakridge International School,HILL COUNTY APARTMENTS IN BACHUPALLY HYDERABAD,https://www.youtube.com/embed/zpLrbaA5tXk,Yes,s
1344,24 Hrs Security Personal,Security Guards,"Rd Number 7, Hill County Phase-1, Hill County, Nizampet, Hyderabad, Telangana 500090, India","Rd Number 7, Hill County Phase-1, Hill County, Nizampet, Hyderabad, Telangana 500090, India",Silver Oaks International School,HILL COUNTY APARTMENTS IN BACHUPALLY HYDERABAD,https://www.youtube.com/embed/zpLrbaA5tXk,Yes,s
1393,24 Hrs Security Personal,Security Guards,"Rd Number 7, Hill County Phase-1, Hill County, Nizampet, Hyderabad, Telangana 500090, India","Rd Number 7, Hill County Phase-1, Hill County, Nizampet, Hyderabad, Telangana 500090, India",Usha Mallapudi Hospital,HILL COUNTY APARTMENTS IN BACHUPALLY HYDERABAD,https://www.youtube.com/embed/zpLrbaA5tXk,Yes,s
1442,24 Hrs Security Personal,Security Guards,"Rd Number 7, Hill County Phase-1, Hill County, Nizampet, Hyderabad, Telangana 500090, India","Rd Number 7, Hill County Phase-1, Hill County, Nizampet, Hyderabad, Telangana 500090, India",Manjeera Cinepolis,HILL COUNTY APARTMENTS IN BACHUPALLY HYDERABAD,https://www.youtube.com/embed/zpLrbaA5tXk,Yes,s
1491,24 Hrs Security Personal,Security Guards,"Rd Number 7, Hill County Phase-1, Hill County, Nizampet, Hyderabad, Telangana 500090, India","Rd Number 7, Hill County Phase-1, Hill County, Nizampet, Hyderabad, Telangana 500090, India",Outer Ring Road,HILL COUNTY APARTMENTS IN BACHUPALLY HYDERABAD,https://www.youtube.com/embed/zpLrbaA5tXk,Yes,s
1540,24 Hrs Security Personal,Security Guards,"Rd Number 7, Hill County Phase-1, Hill County, Nizampet, Hyderabad, Telangana 500090, India","Rd Number 7, Hill County Phase-1, Hill County, Nizampet, Hyderabad, Telangana 500090, India",Metro Station JNTU,HILL COUNTY APARTMENTS IN BACHUPALLY HYDERABAD,https://www.youtube.com/embed/zpLrbaA5tXk,Yes,s
1589,24 Hrs Security Personal,Security Guards,"Rd Number 7, Hill County Phase-1, Hill County, Nizampet, Hyderabad, Telangana 500090, India","Rd Number 7, Hill County Phase-1, Hill County, Nizampet, Hyderabad, Telangana 500090, India",JNTU Bus Stop,HILL COUNTY APARTMENTS IN BACHUPALLY HYDERABAD,https://www.youtube.com/embed/zpLrbaA5tXk,Yes,s
1638,24 Hrs Security Personal,Security Guards,"Rd Number 7, Hill County Phase-1, Hill County, Nizampet, Hyderabad, Telangana 500090, India","Rd Number 7, Hill County Phase-1, Hill County, Nizampet, Hyderabad, Telangana 500090, India",Cyber Towers,HILL COUNTY APARTMENTS IN BACHUPALLY HYDERABAD,https://www.youtube.com/embed/zpLrbaA5tXk,Yes,s
1687,24 Hrs Security Personal,Security,"Shashank Rose Mount Apts, Bachupally Rd, Ameenpur, Miyapur, Hyderabad, Telangana 500090, India","Shashank Rose Mount Apts, Bachupally Rd, Ameenpur, Miyapur, Hyderabad, Telangana 500090, India",Vikas The Concept School,NAMAHA RHYTHM VILLAS IN BACHUPALLI HYDERABAD,https://www.youtube.com/embed/Gah2I5W62Y8,Yes,s
1710,24 Hrs Security Personal,Security,"Shashank Rose Mount Apts, Bachupally Rd, Ameenpur, Miyapur, Hyderabad, Telangana 500090, India","Shashank Rose Mount Apts, Bachupally Rd, Ameenpur, Miyapur, Hyderabad, Telangana 500090, India",Miyapur Bus Depot,NAMAHA RHYTHM VILLAS IN BACHUPALLI HYDERABAD,https://www.youtube.com/embed/Gah2I5W62Y8,Yes,s
1733,24 Hrs Security Personal,Security,"Shashank Rose Mount Apts, Bachupally Rd, Ameenpur, Miyapur, Hyderabad, Telangana 500090, India","Shashank Rose Mount Apts, Bachupally Rd, Ameenpur, Miyapur, Hyderabad, Telangana 500090, India",JNTU Hyderabad,NAMAHA RHYTHM VILLAS IN BACHUPALLI HYDERABAD,https://www.youtube.com/embed/Gah2I5W62Y8,Yes,s
1756,24 Hrs Security Personal,Security,"Shashank Rose Mount Apts, Bachupally Rd, Ameenpur, Miyapur, Hyderabad, Telangana 500090, India","Shashank Rose Mount Apts, Bachupally Rd, Ameenpur, Miyapur, Hyderabad, Telangana 500090, India",Sri Chaitanya Junior College,NAMAHA RHYTHM VILLAS IN BACHUPALLI HYDERABAD,https://www.youtube.com/embed/Gah2I5W62Y8,Yes,s
1779,24 Hrs Security Personal,Security,"Shashank Rose Mount Apts, Bachupally Rd, Ameenpur, Miyapur, Hyderabad, Telangana 500090, India","Shashank Rose Mount Apts, Bachupally Rd, Ameenpur, Miyapur, Hyderabad, Telangana 500090, India",Gachibowli DLF Building,NAMAHA RHYTHM VILLAS IN BACHUPALLI HYDERABAD,https://www.youtube.com/embed/Gah2I5W62Y8,Yes,s
1802,24 Hrs Security Personal,Security,"Shashank Rose Mount Apts, Bachupally Rd, Ameenpur, Miyapur, Hyderabad, Telangana 500090, India","Shashank Rose Mount Apts, Bachupally Rd, Ameenpur, Miyapur, Hyderabad, Telangana 500090, India",Hitechcity Cyber Towers ,NAMAHA RHYTHM VILLAS IN BACHUPALLI HYDERABAD,https://www.youtube.com/embed/Gah2I5W62Y8,Yes,s
1825,24 Hrs Security Personal,Security,"JIVIKA at RAJESHWARA GATED COMMUNITY, Bachupally Rd, Bachupally, Miyapur, Hyderabad, Telangana 500049, India","JIVIKA at RAJESHWARA GATED COMMUNITY, Bachupally Rd, Bachupally, Miyapur, Hyderabad, Telangana 500049, India",Kennedy High The Global School,JIVIKA AT RAJESHWARA,https://www.youtube.com/embed/I32QLhx0USk,Yes,s
1844,24 Hrs Security Personal,Security,"JIVIKA at RAJESHWARA GATED COMMUNITY, Bachupally Rd, Bachupally, Miyapur, Hyderabad, Telangana 500049, India","JIVIKA at RAJESHWARA GATED COMMUNITY, Bachupally Rd, Bachupally, Miyapur, Hyderabad, Telangana 500049, India",Kennedy High The Global School,JIVIKA AT RAJESHWARA VILLAS IN BACHUPALLI HYDERABAD,https://www.youtube.com/embed/9Lmc2iztF58,No,s
1863,24 Hrs Security Personal,Security,"JIVIKA at RAJESHWARA GATED COMMUNITY, Bachupally Rd, Bachupally, Miyapur, Hyderabad, Telangana 500049, India","JIVIKA at RAJESHWARA GATED COMMUNITY, Bachupally Rd, Bachupally, Miyapur, Hyderabad, Telangana 500049, India",Miyapur Metro Station,JIVIKA AT RAJESHWARA,https://www.youtube.com/embed/I32QLhx0USk,Yes,s
1882,24 Hrs Security Personal,Security,"JIVIKA at RAJESHWARA GATED COMMUNITY, Bachupally Rd, Bachupally, Miyapur, Hyderabad, Telangana 500049, India","JIVIKA at RAJESHWARA GATED COMMUNITY, Bachupally Rd, Bachupally, Miyapur, Hyderabad, Telangana 500049, India",Miyapur Metro Station,JIVIKA AT RAJESHWARA VILLAS IN BACHUPALLI HYDERABAD,https://www.youtube.com/embed/9Lmc2iztF58,No,s
1901,24 Hrs Security Personal,Security,"JIVIKA at RAJESHWARA GATED COMMUNITY, Bachupally Rd, Bachupally, Miyapur, Hyderabad, Telangana 500049, India","JIVIKA at RAJESHWARA GATED COMMUNITY, Bachupally Rd, Bachupally, Miyapur, Hyderabad, Telangana 500049, India",Miyapur Bus Depot,JIVIKA AT RAJESHWARA,https://www.youtube.com/embed/I32QLhx0USk,Yes,s
1920,24 Hrs Security Personal,Security,"JIVIKA at RAJESHWARA GATED COMMUNITY, Bachupally Rd, Bachupally, Miyapur, Hyderabad, Telangana 500049, India","JIVIKA at RAJESHWARA GATED COMMUNITY, Bachupally Rd, Bachupally, Miyapur, Hyderabad, Telangana 500049, India",Miyapur Bus Depot,JIVIKA AT RAJESHWARA VILLAS IN BACHUPALLI HYDERABAD,https://www.youtube.com/embed/9Lmc2iztF58,No,s
1939,24 Hrs Security Personal,Security,"JIVIKA at RAJESHWARA GATED COMMUNITY, Bachupally Rd, Bachupally, Miyapur, Hyderabad, Telangana 500049, India","JIVIKA at RAJESHWARA GATED COMMUNITY, Bachupally Rd, Bachupally, Miyapur, Hyderabad, Telangana 500049, India",JNTU Hyderabad,JIVIKA AT RAJESHWARA,https://www.youtube.com/embed/I32QLhx0USk,Yes,s
1958,24 Hrs Security Personal,Security,"JIVIKA at RAJESHWARA GATED COMMUNITY, Bachupally Rd, Bachupally, Miyapur, Hyderabad, Telangana 500049, India","JIVIKA at RAJESHWARA GATED COMMUNITY, Bachupally Rd, Bachupally, Miyapur, Hyderabad, Telangana 500049, India",JNTU Hyderabad,JIVIKA AT RAJESHWARA VILLAS IN BACHUPALLI HYDERABAD,https://www.youtube.com/embed/9Lmc2iztF58,No,s
1977,24 Hrs Security Personal,Security,"JIVIKA at RAJESHWARA GATED COMMUNITY, Bachupally Rd, Bachupally, Miyapur, Hyderabad, Telangana 500049, India","JIVIKA at RAJESHWARA GATED COMMUNITY, Bachupally Rd, Bachupally, Miyapur, Hyderabad, Telangana 500049, India",Gachibowli Dlf Building,JIVIKA AT RAJESHWARA,https://www.youtube.com/embed/I32QLhx0USk,Yes,s
1996,24 Hrs Security Personal,Security,"JIVIKA at RAJESHWARA GATED COMMUNITY, Bachupally Rd, Bachupally, Miyapur, Hyderabad, Telangana 500049, India","JIVIKA at RAJESHWARA GATED COMMUNITY, Bachupally Rd, Bachupally, Miyapur, Hyderabad, Telangana 500049, India",Gachibowli Dlf Building,JIVIKA AT RAJESHWARA VILLAS IN BACHUPALLI HYDERABAD,https://www.youtube.com/embed/9Lmc2iztF58,No,s
2015,24 Hrs Security Personal,Security,"JIVIKA at RAJESHWARA GATED COMMUNITY, Bachupally Rd, Bachupally, Miyapur, Hyderabad, Telangana 500049, India","JIVIKA at RAJESHWARA GATED COMMUNITY, Bachupally Rd, Bachupally, Miyapur, Hyderabad, Telangana 500049, India",Hitechcity Cyber Towers ,JIVIKA AT RAJESHWARA,https://www.youtube.com/embed/I32QLhx0USk,Yes,s
2034,24 Hrs Security Personal,Security,"JIVIKA at RAJESHWARA GATED COMMUNITY, Bachupally Rd, Bachupally, Miyapur, Hyderabad, Telangana 500049, India","JIVIKA at RAJESHWARA GATED COMMUNITY, Bachupally Rd, Bachupally, Miyapur, Hyderabad, Telangana 500049, India",Hitechcity Cyber Towers ,JIVIKA AT RAJESHWARA VILLAS IN BACHUPALLI HYDERABAD,https://www.youtube.com/embed/9Lmc2iztF58,No,s
2053,24 Hrs Security Personal,Security,"Unnamed Road, Ameenpur, Miyapur, Hyderabad, Telangana 502325, India","Unnamed Road, Ameenpur, Miyapur, Hyderabad, Telangana 502325, India",NH9 Mumbai Highway,SWARGA SEEMA HOUSINGS INDEPENDENT HOUSE IN BACHUPALLI,https://www.youtube.com/embed/AGiFkTQ8aPQ,Yes,s
2059,24 Hrs Security Personal,Security,"Unnamed Road, Ameenpur, Miyapur, Hyderabad, Telangana 502325, India","Unnamed Road, Ameenpur, Miyapur, Hyderabad, Telangana 502325, India",Miyapur Bus Depot,SWARGA SEEMA HOUSINGS INDEPENDENT HOUSE IN BACHUPALLI,https://www.youtube.com/embed/AGiFkTQ8aPQ,Yes,s
2065,24 Hrs Security Personal,Security,"Unnamed Road, Ameenpur, Miyapur, Hyderabad, Telangana 502325, India","Unnamed Road, Ameenpur, Miyapur, Hyderabad, Telangana 502325, India",Sri Chaitanya Junior College,SWARGA SEEMA HOUSINGS INDEPENDENT HOUSE IN BACHUPALLI,https://www.youtube.com/embed/AGiFkTQ8aPQ,Yes,s
2071,24 Hrs Security Personal,Security,"Unnamed Road, Ameenpur, Miyapur, Hyderabad, Telangana 502325, India","Unnamed Road, Ameenpur, Miyapur, Hyderabad, Telangana 502325, India",Gachibowli DLF Building,SWARGA SEEMA HOUSINGS INDEPENDENT HOUSE IN BACHUPALLI,https://www.youtube.com/embed/AGiFkTQ8aPQ,Yes,s
2077,24 Hrs Security Personal,Security,"Unnamed Road, Ameenpur, Miyapur, Hyderabad, Telangana 502325, India","Unnamed Road, Ameenpur, Miyapur, Hyderabad, Telangana 502325, India",Hitech City Cyber Tower,SWARGA SEEMA HOUSINGS INDEPENDENT HOUSE IN BACHUPALLI,https://www.youtube.com/embed/AGiFkTQ8aPQ,Yes,s
2083,24 Hrs Security Personal,fdfhdfhdgh,"F-407, Rd Number 12, Madhavapuri Hills, PJR Enclave, Ameenpur, Chanda Nagar, Hyderabad, Telangana 500050, India","Road #12, Madhavpuri Hills, Opp. Janapriya Nile Valley, Miyapur, Hyderabad",Sfgggggggg,Property Adviser Dot In How It works HD Video,https://www.youtube.com/embed/XhI52lT96tQ,Yes,s
2090,24 Hrs Security Personal,fdfhdfhdgh,"F-407, Rd Number 12, Madhavapuri Hills, PJR Enclave, Ameenpur, Chanda Nagar, Hyderabad, Telangana 500050, India","Road #12, Madhavpuri Hills, Opp. Janapriya Nile Valley, Miyapur, Hyderabad",Sfgggggggg,SRI RAMA AYODHYA VILLAS IN BAHADURPALLY HYDERABAD,https://www.youtube.com/embed/Uw5uWfPcPFA,No,s
2097,24 Hrs Security Personal,fdfhdfhdgh,"F-407, Rd Number 12, Madhavapuri Hills, PJR Enclave, Ameenpur, Chanda Nagar, Hyderabad, Telangana 500050, India","Road #12, Madhavpuri Hills, Opp. Janapriya Nile Valley, Miyapur, Hyderabad",dfgdfg,Property Adviser Dot In How It works HD Video,https://www.youtube.com/embed/XhI52lT96tQ,Yes,s
2104,24 Hrs Security Personal,fdfhdfhdgh,"F-407, Rd Number 12, Madhavapuri Hills, PJR Enclave, Ameenpur, Chanda Nagar, Hyderabad, Telangana 500050, India","Road #12, Madhavpuri Hills, Opp. Janapriya Nile Valley, Miyapur, Hyderabad",dfgdfg,SRI RAMA AYODHYA VILLAS IN BAHADURPALLY HYDERABAD,https://www.youtube.com/embed/Uw5uWfPcPFA,No,s
2125,24 Hrs Security Personal,Security Guards,"Lahari Green Park Rd, Bachupally, Hyderabad, Telangana 502325, India","Lahari Green Park Rd, Bachupally, Hyderabad, Telangana 502325, India",International School,OASIS GREEN APARTMENTS IN BACHUPALLI HYDERABAD,https://www.youtube.com/embed/5A-um6LudAo,Yes,s
2147,24 Hrs Security Personal,Security Guards,"Lahari Green Park Rd, Bachupally, Hyderabad, Telangana 502325, India","Lahari Green Park Rd, Bachupally, Hyderabad, Telangana 502325, India",Super Market,OASIS GREEN APARTMENTS IN BACHUPALLI HYDERABAD,https://www.youtube.com/embed/5A-um6LudAo,Yes,s
2169,24 Hrs Security Personal,Security Guards,"Lahari Green Park Rd, Bachupally, Hyderabad, Telangana 502325, India","Lahari Green Park Rd, Bachupally, Hyderabad, Telangana 502325, India",High Way,OASIS GREEN APARTMENTS IN BACHUPALLI HYDERABAD,https://www.youtube.com/embed/5A-um6LudAo,Yes,s
2191,24 Hrs Security Personal,Security Guards,"Lahari Green Park Rd, Bachupally, Hyderabad, Telangana 502325, India","Lahari Green Park Rd, Bachupally, Hyderabad, Telangana 502325, India",Metro Train,OASIS GREEN APARTMENTS IN BACHUPALLI HYDERABAD,https://www.youtube.com/embed/5A-um6LudAo,Yes,s
2213,24 Hrs Security Personal,Security Guards,"Hyderabad, ASR Brundhavan Colony, Bollaram Industrial Area, Hyderabad, Telangana 500090, India","Unnamed Road, Bachupally, Nizampet, Hyderabad, Telangana 500090, India",Silver oaks school,2 & 3 BHK Flats for sale in Bachupally | RISINIA TRENDILLA â€“ Luxurious Gated Community Apartments,https://www.youtube.com/embed/kcEgn8VK0p4,Yes,s
2300,24 Hrs Security Personal,Security Guards,"Hyderabad, ASR Brundhavan Colony, Bollaram Industrial Area, Hyderabad, Telangana 500090, India","Unnamed Road, Bachupally, Nizampet, Hyderabad, Telangana 500090, India",Ratnadeep Super Market,2 & 3 BHK Flats for sale in Bachupally | RISINIA TRENDILLA â€“ Luxurious Gated Community Apartments,https://www.youtube.com/embed/kcEgn8VK0p4,Yes,s
2387,24 Hrs Security Personal,Security Guards,"Hyderabad, ASR Brundhavan Colony, Bollaram Industrial Area, Hyderabad, Telangana 500090, India","Unnamed Road, Bachupally, Nizampet, Hyderabad, Telangana 500090, India",Relief Hospital,2 & 3 BHK Flats for sale in Bachupally | RISINIA TRENDILLA â€“ Luxurious Gated Community Apartments,https://www.youtube.com/embed/kcEgn8VK0p4,Yes,s
2474,24 Hrs Security Personal,Security Guards,"Hyderabad, ASR Brundhavan Colony, Bollaram Industrial Area, Hyderabad, Telangana 500090, India","Unnamed Road, Bachupally, Nizampet, Hyderabad, Telangana 500090, India",NH - 9 ,2 & 3 BHK Flats for sale in Bachupally | RISINIA TRENDILLA â€“ Luxurious Gated Community Apartments,https://www.youtube.com/embed/kcEgn8VK0p4,Yes,s
2561,24 Hrs Security Personal,Security Guards,"Hyderabad, ASR Brundhavan Colony, Bollaram Industrial Area, Hyderabad, Telangana 500090, India","Unnamed Road, Bachupally, Nizampet, Hyderabad, Telangana 500090, India",Miyapur Metro station,2 & 3 BHK Flats for sale in Bachupally | RISINIA TRENDILLA â€“ Luxurious Gated Community Apartments,https://www.youtube.com/embed/kcEgn8VK0p4,Yes,s
2648,24 Hrs Security Personal,Security Guards,"Hyderabad, ASR Brundhavan Colony, Bollaram Industrial Area, Hyderabad, Telangana 500090, India","Unnamed Road, Bachupally, Nizampet, Hyderabad, Telangana 500090, India",ICICI,2 & 3 BHK Flats for sale in Bachupally | RISINIA TRENDILLA â€“ Luxurious Gated Community Apartments,https://www.youtube.com/embed/kcEgn8VK0p4,Yes,s
2735,24 Hrs Security Personal,Security Guards,"Hyderabad, ASR Brundhavan Colony, Bollaram Industrial Area, Hyderabad, Telangana 500090, India","Unnamed Road, Bachupally, Nizampet, Hyderabad, Telangana 500090, India",Bachupally X road,2 & 3 BHK Flats for sale in Bachupally | RISINIA TRENDILLA â€“ Luxurious Gated Community Apartments,https://www.youtube.com/embed/kcEgn8VK0p4,Yes,s
2822,24 Hrs Security Personal,Security Guards,"Hyderabad, ASR Brundhavan Colony, Bollaram Industrial Area, Hyderabad, Telangana 500090, India","Unnamed Road, Bachupally, Nizampet, Hyderabad, Telangana 500090, India",HITEC City,2 & 3 BHK Flats for sale in Bachupally | RISINIA TRENDILLA â€“ Luxurious Gated Community Apartments,https://www.youtube.com/embed/kcEgn8VK0p4,Yes,s
2909,24 Hrs Security Personal,Security Guards,"Survey 180-183, 184 (part), Near Akshya Patra, Kokapet R. R. District Narsingi Post & Village, Rajendra Nagar Manda, Hyderabad, Telangana 500075, India","Survey 180-183, 184 (part), Near Akshya Patra, Kokapet R. R. District Narsingi Post & Village, Rajendra Nagar Manda, Hyderabad, Telangana 500075, India",The Global Edge School,VERTEX PANACHE APARTMENTS IN KOKAPET HYDERABAD,https://www.youtube.com/embed/lm-PIMPnb9o,Yes,s
3007,24 Hrs Security Personal,Security Guards,"Survey 180-183, 184 (part), Near Akshya Patra, Kokapet R. R. District Narsingi Post & Village, Rajendra Nagar Manda, Hyderabad, Telangana 500075, India","Survey 180-183, 184 (part), Near Akshya Patra, Kokapet R. R. District Narsingi Post & Village, Rajendra Nagar Manda, Hyderabad, Telangana 500075, India",Heritage Super Market,VERTEX PANACHE APARTMENTS IN KOKAPET HYDERABAD,https://www.youtube.com/embed/lm-PIMPnb9o,Yes,s
3105,24 Hrs Security Personal,Security Guards,"Survey 180-183, 184 (part), Near Akshya Patra, Kokapet R. R. District Narsingi Post & Village, Rajendra Nagar Manda, Hyderabad, Telangana 500075, India","Survey 180-183, 184 (part), Near Akshya Patra, Kokapet R. R. District Narsingi Post & Village, Rajendra Nagar Manda, Hyderabad, Telangana 500075, India",Continental Hospital,VERTEX PANACHE APARTMENTS IN KOKAPET HYDERABAD,https://www.youtube.com/embed/lm-PIMPnb9o,Yes,s
3203,24 Hrs Security Personal,Security Guards,"Survey 180-183, 184 (part), Near Akshya Patra, Kokapet R. R. District Narsingi Post & Village, Rajendra Nagar Manda, Hyderabad, Telangana 500075, India","Survey 180-183, 184 (part), Near Akshya Patra, Kokapet R. R. District Narsingi Post & Village, Rajendra Nagar Manda, Hyderabad, Telangana 500075, India",Gachibowli Central Shopping Mall,VERTEX PANACHE APARTMENTS IN KOKAPET HYDERABAD,https://www.youtube.com/embed/lm-PIMPnb9o,Yes,s
3301,24 Hrs Security Personal,Security Guards,"Survey 180-183, 184 (part), Near Akshya Patra, Kokapet R. R. District Narsingi Post & Village, Rajendra Nagar Manda, Hyderabad, Telangana 500075, India","Survey 180-183, 184 (part), Near Akshya Patra, Kokapet R. R. District Narsingi Post & Village, Rajendra Nagar Manda, Hyderabad, Telangana 500075, India",RGIA,VERTEX PANACHE APARTMENTS IN KOKAPET HYDERABAD,https://www.youtube.com/embed/lm-PIMPnb9o,Yes,s
3399,24 Hrs Security Personal,Security Guards,"Survey 180-183, 184 (part), Near Akshya Patra, Kokapet R. R. District Narsingi Post & Village, Rajendra Nagar Manda, Hyderabad, Telangana 500075, India","Survey 180-183, 184 (part), Near Akshya Patra, Kokapet R. R. District Narsingi Post & Village, Rajendra Nagar Manda, Hyderabad, Telangana 500075, India",Outer Ring Road,VERTEX PANACHE APARTMENTS IN KOKAPET HYDERABAD,https://www.youtube.com/embed/lm-PIMPnb9o,Yes,s
3497,24 Hrs Security Personal,Security Guards,"Survey 180-183, 184 (part), Near Akshya Patra, Kokapet R. R. District Narsingi Post & Village, Rajendra Nagar Manda, Hyderabad, Telangana 500075, India","Survey 180-183, 184 (part), Near Akshya Patra, Kokapet R. R. District Narsingi Post & Village, Rajendra Nagar Manda, Hyderabad, Telangana 500075, India",Cyber Towers,VERTEX PANACHE APARTMENTS IN KOKAPET HYDERABAD,https://www.youtube.com/embed/lm-PIMPnb9o,Yes,s
3595,24 Hrs Security Personal,Security Guards,"Survey 180-183, 184 (part), Near Akshya Patra, Kokapet R. R. District Narsingi Post & Village, Rajendra Nagar Manda, Hyderabad, Telangana 500075, India","Survey 180-183, 184 (part), Near Akshya Patra, Kokapet R. R. District Narsingi Post & Village, Rajendra Nagar Manda, Hyderabad, Telangana 500075, India",DLF Building,VERTEX PANACHE APARTMENTS IN KOKAPET HYDERABAD,https://www.youtube.com/embed/lm-PIMPnb9o,Yes,s
3693,24 Hrs Security Personal,Security Guards,"Gandipet Main Rd, Manchirevula, Hyderabad, Telangana 500075, India","Gandipet Main Rd, Manchirevula, Hyderabad, Telangana 500075, India",Rockwell International School,Green Blossoms Apartments in Kokapet Hyderabad,https://www.youtube.com/embed/Umlt2aALab4,Yes,s
3811,24 Hrs Security Personal,Security Guards,"Gandipet Main Rd, Manchirevula, Hyderabad, Telangana 500075, India","Gandipet Main Rd, Manchirevula, Hyderabad, Telangana 500075, India",Fresh Super Market,Green Blossoms Apartments in Kokapet Hyderabad,https://www.youtube.com/embed/Umlt2aALab4,Yes,s
3929,24 Hrs Security Personal,Security Guards,"Gandipet Main Rd, Manchirevula, Hyderabad, Telangana 500075, India","Gandipet Main Rd, Manchirevula, Hyderabad, Telangana 500075, India",Continental Hospital,Green Blossoms Apartments in Kokapet Hyderabad,https://www.youtube.com/embed/Umlt2aALab4,Yes,s
4047,24 Hrs Security Personal,Security Guards,"Gandipet Main Rd, Manchirevula, Hyderabad, Telangana 500075, India","Gandipet Main Rd, Manchirevula, Hyderabad, Telangana 500075, India",Sandwich Food Court,Green Blossoms Apartments in Kokapet Hyderabad,https://www.youtube.com/embed/Umlt2aALab4,Yes,s
4165,24 Hrs Security Personal,Security Guards,"Gandipet Main Rd, Manchirevula, Hyderabad, Telangana 500075, India","Gandipet Main Rd, Manchirevula, Hyderabad, Telangana 500075, India",Central University,Green Blossoms Apartments in Kokapet Hyderabad,https://www.youtube.com/embed/Umlt2aALab4,Yes,s
4283,24 Hrs Security Personal,Security Guards,"Gandipet Main Rd, Manchirevula, Hyderabad, Telangana 500075, India","Gandipet Main Rd, Manchirevula, Hyderabad, Telangana 500075, India",Hyatt 5 Star Hotel,Green Blossoms Apartments in Kokapet Hyderabad,https://www.youtube.com/embed/Umlt2aALab4,Yes,s
4401,24 Hrs Security Personal,Security Guards,"Golden Mile Rd, Power Welfare Society, Kokapet, Hyderabad, Telangana 500075, India","Golden Mile Rd, Power Welfare Society, Kokapet, Hyderabad, Telangana 500075, India",Global Edge Schol,EDEN GARDEN VILLAS IN KOKAPET HYDERABAD,https://www.youtube.com/embed/Q-mHjPpAUjo,Yes,s
4403,24 Hrs Security Personal,Security Guards,"Golden Mile Rd, Power Welfare Society, Kokapet, Hyderabad, Telangana 500075, India","Golden Mile Rd, Power Welfare Society, Kokapet, Hyderabad, Telangana 500075, India",Fresh Super Market,EDEN GARDEN VILLAS IN KOKAPET HYDERABAD,https://www.youtube.com/embed/Q-mHjPpAUjo,Yes,s
4405,24 Hrs Security Personal,Security Guards,"Golden Mile Rd, Power Welfare Society, Kokapet, Hyderabad, Telangana 500075, India","Golden Mile Rd, Power Welfare Society, Kokapet, Hyderabad, Telangana 500075, India",Continental Hospital,EDEN GARDEN VILLAS IN KOKAPET HYDERABAD,https://www.youtube.com/embed/Q-mHjPpAUjo,Yes,s
4407,24 Hrs Security Personal,Security Guards,"Golden Mile Rd, Power Welfare Society, Kokapet, Hyderabad, Telangana 500075, India","Golden Mile Rd, Power Welfare Society, Kokapet, Hyderabad, Telangana 500075, India",Lingampally MMTS,EDEN GARDEN VILLAS IN KOKAPET HYDERABAD,https://www.youtube.com/embed/Q-mHjPpAUjo,Yes,s
4409,24 Hrs Security Personal,Security Guards,"Golden Mile Rd, Power Welfare Society, Kokapet, Hyderabad, Telangana 500075, India","Golden Mile Rd, Power Welfare Society, Kokapet, Hyderabad, Telangana 500075, India",Central University,EDEN GARDEN VILLAS IN KOKAPET HYDERABAD,https://www.youtube.com/embed/Q-mHjPpAUjo,Yes,s
4411,24 Hrs Security Personal,Security Guards,"Golden Mile Rd, Power Welfare Society, Kokapet, Hyderabad, Telangana 500075, India","Golden Mile Rd, Power Welfare Society, Kokapet, Hyderabad, Telangana 500075, India",JNTU Hyderabad,EDEN GARDEN VILLAS IN KOKAPET HYDERABAD,https://www.youtube.com/embed/Q-mHjPpAUjo,Yes,s
4413,24 Hrs Security Personal,Security Guards,"Golden Mile Rd, Power Welfare Society, Kokapet, Hyderabad, Telangana 500075, India","Golden Mile Rd, Power Welfare Society, Kokapet, Hyderabad, Telangana 500075, India",Hyatt Star Hotel,EDEN GARDEN VILLAS IN KOKAPET HYDERABAD,https://www.youtube.com/embed/Q-mHjPpAUjo,Yes,s
4415,24 Hrs Security Personal,Security,"Pavani Boulevard, Kokapet, Hyderabad, Telangana 500075, India","Pavani Boulevard, Kokapet, Hyderabad, Telangana 500075, India",The Global Edge School,PAVANI BOULEVARD VILLAS IN KOKAPET HYDERABAD,https://www.youtube.com/embed/DCtHu5siUzU,Yes,s
4449,24 Hrs Security Personal,Security,"Pavani Boulevard, Kokapet, Hyderabad, Telangana 500075, India","Pavani Boulevard, Kokapet, Hyderabad, Telangana 500075, India",Continental Hospital,PAVANI BOULEVARD VILLAS IN KOKAPET HYDERABAD,https://www.youtube.com/embed/DCtHu5siUzU,Yes,s
4483,24 Hrs Security Personal,Security,"Pavani Boulevard, Kokapet, Hyderabad, Telangana 500075, India","Pavani Boulevard, Kokapet, Hyderabad, Telangana 500075, India",Outer Ring Road,PAVANI BOULEVARD VILLAS IN KOKAPET HYDERABAD,https://www.youtube.com/embed/DCtHu5siUzU,Yes,s
4517,24 Hrs Security Personal,Security,"Pavani Boulevard, Kokapet, Hyderabad, Telangana 500075, India","Pavani Boulevard, Kokapet, Hyderabad, Telangana 500075, India",CBIT College,PAVANI BOULEVARD VILLAS IN KOKAPET HYDERABAD,https://www.youtube.com/embed/DCtHu5siUzU,Yes,s
4551,24 Hrs Security Personal,Security,"Pavani Boulevard, Kokapet, Hyderabad, Telangana 500075, India","Pavani Boulevard, Kokapet, Hyderabad, Telangana 500075, India",Gachibowli Wipro Junction,PAVANI BOULEVARD VILLAS IN KOKAPET HYDERABAD,https://www.youtube.com/embed/DCtHu5siUzU,Yes,s
4585,24 Hrs Security Personal,Security,"Pavani Boulevard, Kokapet, Hyderabad, Telangana 500075, India","Pavani Boulevard, Kokapet, Hyderabad, Telangana 500075, India",Hitech City Cyber Towers,PAVANI BOULEVARD VILLAS IN KOKAPET HYDERABAD,https://www.youtube.com/embed/DCtHu5siUzU,Yes,s
4619,24 Hrs Security Personal,Security Guards,"Shankarpalli - Hyderabad Road, Gandipet, Hyderabad, Telangana 500075, India","Shankarpalli - Hyderabad Road, Gandipet, Hyderabad, Telangana 500075, India",D.P.S School,"Apila Gated Community Apartments By EIPL Group | Spectacular, Stylish And Spacious",https://www.youtube.com/embed/2kgy4trKb0U,Yes,s
4637,24 Hrs Security Personal,Security Guards,"Shankarpalli - Hyderabad Road, Gandipet, Hyderabad, Telangana 500075, India","Shankarpalli - Hyderabad Road, Gandipet, Hyderabad, Telangana 500075, India",D.P.S School,Important Factors that Influence Home Buying Decisions,https://www.youtube.com/embed/19KrTxxQS4Y,No,s
4655,24 Hrs Security Personal,Security Guards,"Shankarpalli - Hyderabad Road, Gandipet, Hyderabad, Telangana 500075, India","Shankarpalli - Hyderabad Road, Gandipet, Hyderabad, Telangana 500075, India",Oakridge International School,"Apila Gated Community Apartments By EIPL Group | Spectacular, Stylish And Spacious",https://www.youtube.com/embed/2kgy4trKb0U,Yes,s
4673,24 Hrs Security Personal,Security Guards,"Shankarpalli - Hyderabad Road, Gandipet, Hyderabad, Telangana 500075, India","Shankarpalli - Hyderabad Road, Gandipet, Hyderabad, Telangana 500075, India",Oakridge International School,Important Factors that Influence Home Buying Decisions,https://www.youtube.com/embed/19KrTxxQS4Y,No,s
4691,24 Hrs Security Personal,Security Guards,"Shankarpalli - Hyderabad Road, Gandipet, Hyderabad, Telangana 500075, India","Shankarpalli - Hyderabad Road, Gandipet, Hyderabad, Telangana 500075, India",Rockwell International School,"Apila Gated Community Apartments By EIPL Group | Spectacular, Stylish And Spacious",https://www.youtube.com/embed/2kgy4trKb0U,Yes,s
4709,24 Hrs Security Personal,Security Guards,"Shankarpalli - Hyderabad Road, Gandipet, Hyderabad, Telangana 500075, India","Shankarpalli - Hyderabad Road, Gandipet, Hyderabad, Telangana 500075, India",Rockwell International School,Important Factors that Influence Home Buying Decisions,https://www.youtube.com/embed/19KrTxxQS4Y,No,s
4727,24 Hrs Security Personal,Security Guards,"Shankarpalli - Hyderabad Road, Gandipet, Hyderabad, Telangana 500075, India","Shankarpalli - Hyderabad Road, Gandipet, Hyderabad, Telangana 500075, India",Srinidhi International School,"Apila Gated Community Apartments By EIPL Group | Spectacular, Stylish And Spacious",https://www.youtube.com/embed/2kgy4trKb0U,Yes,s
4745,24 Hrs Security Personal,Security Guards,"Shankarpalli - Hyderabad Road, Gandipet, Hyderabad, Telangana 500075, India","Shankarpalli - Hyderabad Road, Gandipet, Hyderabad, Telangana 500075, India",Srinidhi International School,Important Factors that Influence Home Buying Decisions,https://www.youtube.com/embed/19KrTxxQS4Y,No,s
4763,24 Hrs Security Personal,Security Guards,"Shankarpalli - Hyderabad Road, Gandipet, Hyderabad, Telangana 500075, India","Shankarpalli - Hyderabad Road, Gandipet, Hyderabad, Telangana 500075, India",Continental Hospital,"Apila Gated Community Apartments By EIPL Group | Spectacular, Stylish And Spacious",https://www.youtube.com/embed/2kgy4trKb0U,Yes,s
4781,24 Hrs Security Personal,Security Guards,"Shankarpalli - Hyderabad Road, Gandipet, Hyderabad, Telangana 500075, India","Shankarpalli - Hyderabad Road, Gandipet, Hyderabad, Telangana 500075, India",Continental Hospital,Important Factors that Influence Home Buying Decisions,https://www.youtube.com/embed/19KrTxxQS4Y,No,s
4799,24 Hrs Security Personal,Security Guards,"Shankarpalli - Hyderabad Road, Gandipet, Hyderabad, Telangana 500075, India","Shankarpalli - Hyderabad Road, Gandipet, Hyderabad, Telangana 500075, India",Inorbit Mall,"Apila Gated Community Apartments By EIPL Group | Spectacular, Stylish And Spacious",https://www.youtube.com/embed/2kgy4trKb0U,Yes,s
4817,24 Hrs Security Personal,Security Guards,"Shankarpalli - Hyderabad Road, Gandipet, Hyderabad, Telangana 500075, India","Shankarpalli - Hyderabad Road, Gandipet, Hyderabad, Telangana 500075, India",Inorbit Mall,Important Factors that Influence Home Buying Decisions,https://www.youtube.com/embed/19KrTxxQS4Y,No,s
4835,24 Hrs Security Personal,Security Guards,"Shankarpalli - Hyderabad Road, Gandipet, Hyderabad, Telangana 500075, India","Shankarpalli - Hyderabad Road, Gandipet, Hyderabad, Telangana 500075, India",Rajiv Gandhi International Airport,"Apila Gated Community Apartments By EIPL Group | Spectacular, Stylish And Spacious",https://www.youtube.com/embed/2kgy4trKb0U,Yes,s
4853,24 Hrs Security Personal,Security Guards,"Shankarpalli - Hyderabad Road, Gandipet, Hyderabad, Telangana 500075, India","Shankarpalli - Hyderabad Road, Gandipet, Hyderabad, Telangana 500075, India",Rajiv Gandhi International Airport,Important Factors that Influence Home Buying Decisions,https://www.youtube.com/embed/19KrTxxQS4Y,No,s
4871,24 Hrs Security Personal,Security Guards,"Shankarpalli - Hyderabad Road, Gandipet, Hyderabad, Telangana 500075, India","Shankarpalli - Hyderabad Road, Gandipet, Hyderabad, Telangana 500075, India",Narsingi  ORR Junction,"Apila Gated Community Apartments By EIPL Group | Spectacular, Stylish And Spacious",https://www.youtube.com/embed/2kgy4trKb0U,Yes,s
4889,24 Hrs Security Personal,Security Guards,"Shankarpalli - Hyderabad Road, Gandipet, Hyderabad, Telangana 500075, India","Shankarpalli - Hyderabad Road, Gandipet, Hyderabad, Telangana 500075, India",Narsingi  ORR Junction,Important Factors that Influence Home Buying Decisions,https://www.youtube.com/embed/19KrTxxQS4Y,No,s
4907,24 Hrs Security Personal,Security Guards,"Shankarpalli - Hyderabad Road, Gandipet, Hyderabad, Telangana 500075, India","Shankarpalli - Hyderabad Road, Gandipet, Hyderabad, Telangana 500075, India",Gachibowli Junction,"Apila Gated Community Apartments By EIPL Group | Spectacular, Stylish And Spacious",https://www.youtube.com/embed/2kgy4trKb0U,Yes,s
4925,24 Hrs Security Personal,Security Guards,"Shankarpalli - Hyderabad Road, Gandipet, Hyderabad, Telangana 500075, India","Shankarpalli - Hyderabad Road, Gandipet, Hyderabad, Telangana 500075, India",Gachibowli Junction,Important Factors that Influence Home Buying Decisions,https://www.youtube.com/embed/19KrTxxQS4Y,No,s
4943,24 Hrs Security Personal,Security Guards,"Shankarpalli - Hyderabad Road, Gandipet, Hyderabad, Telangana 500075, India","Shankarpalli - Hyderabad Road, Gandipet, Hyderabad, Telangana 500075, India",Gachibowli Wipro Circle,"Apila Gated Community Apartments By EIPL Group | Spectacular, Stylish And Spacious",https://www.youtube.com/embed/2kgy4trKb0U,Yes,s
4961,24 Hrs Security Personal,Security Guards,"Shankarpalli - Hyderabad Road, Gandipet, Hyderabad, Telangana 500075, India","Shankarpalli - Hyderabad Road, Gandipet, Hyderabad, Telangana 500075, India",Gachibowli Wipro Circle,Important Factors that Influence Home Buying Decisions,https://www.youtube.com/embed/19KrTxxQS4Y,No,s
4979,24 Hrs Security Personal,Security Guards,"Shankarpalli - Hyderabad Road, Gandipet, Hyderabad, Telangana 500075, India","Shankarpalli - Hyderabad Road, Gandipet, Hyderabad, Telangana 500075, India",Mrigavani National Park,"Apila Gated Community Apartments By EIPL Group | Spectacular, Stylish And Spacious",https://www.youtube.com/embed/2kgy4trKb0U,Yes,s
4997,24 Hrs Security Personal,Security Guards,"Shankarpalli - Hyderabad Road, Gandipet, Hyderabad, Telangana 500075, India","Shankarpalli - Hyderabad Road, Gandipet, Hyderabad, Telangana 500075, India",Mrigavani National Park,Important Factors that Influence Home Buying Decisions,https://www.youtube.com/embed/19KrTxxQS4Y,No,s
5079,24 Hrs Security Personal,Security Guards,"Shankarpalli - Hyderabad Road, Gandipet, Hyderabad, Telangana 500075, India","Shankarpalli - Hyderabad Road, Gandipet, Hyderabad, Telangana 500075, India",Rock well International School,"Apila Gated Community Apartments By EIPL Group | Spectacular, Stylish And Spacious",https://www.youtube.com/embed/2kgy4trKb0U,Yes,s
5095,24 Hrs Security Personal,Security Guards,"Shankarpalli - Hyderabad Road, Gandipet, Hyderabad, Telangana 500075, India","Shankarpalli - Hyderabad Road, Gandipet, Hyderabad, Telangana 500075, India",Rock well International School,Important Factors that Influence Home Buying Decisions,https://www.youtube.com/embed/19KrTxxQS4Y,No,s
5367,24 Hrs Security Personal,Security Guards,"Nehru Outer Ring Road, Power Welfare Society, Kokapet, Hyderabad, Telangana 500075, India","Nehru Outer Ring Road, Power Welfare Society, Kokapet, Hyderabad, Telangana 500075, India",D.P.S School,"Apila Gated Community Apartments By EIPL Group | Spectacular, Stylish And Spacious",https://www.youtube.com/embed/2kgy4trKb0U,Yes,s
5374,24 Hrs Security Personal,Security Guards,"Nehru Outer Ring Road, Power Welfare Society, Kokapet, Hyderabad, Telangana 500075, India","Nehru Outer Ring Road, Power Welfare Society, Kokapet, Hyderabad, Telangana 500075, India",D.P.S School,Important Factors that Influence Home Buying Decisions,https://www.youtube.com/embed/19KrTxxQS4Y,No,s
5381,24 Hrs Security Personal,Security Guards,"Nehru Outer Ring Road, Power Welfare Society, Kokapet, Hyderabad, Telangana 500075, India","Nehru Outer Ring Road, Power Welfare Society, Kokapet, Hyderabad, Telangana 500075, India",Oakridge International School,"Apila Gated Community Apartments By EIPL Group | Spectacular, Stylish And Spacious",https://www.youtube.com/embed/2kgy4trKb0U,Yes,s
5388,24 Hrs Security Personal,Security Guards,"Nehru Outer Ring Road, Power Welfare Society, Kokapet, Hyderabad, Telangana 500075, India","Nehru Outer Ring Road, Power Welfare Society, Kokapet, Hyderabad, Telangana 500075, India",Oakridge International School,Important Factors that Influence Home Buying Decisions,https://www.youtube.com/embed/19KrTxxQS4Y,No,s
5395,24 Hrs Security Personal,Security Guards,"Nehru Outer Ring Road, Power Welfare Society, Kokapet, Hyderabad, Telangana 500075, India","Nehru Outer Ring Road, Power Welfare Society, Kokapet, Hyderabad, Telangana 500075, India",Rockwell International School,"Apila Gated Community Apartments By EIPL Group | Spectacular, Stylish And Spacious",https://www.youtube.com/embed/2kgy4trKb0U,Yes,s
5402,24 Hrs Security Personal,Security Guards,"Nehru Outer Ring Road, Power Welfare Society, Kokapet, Hyderabad, Telangana 500075, India","Nehru Outer Ring Road, Power Welfare Society, Kokapet, Hyderabad, Telangana 500075, India",Rockwell International School,Important Factors that Influence Home Buying Decisions,https://www.youtube.com/embed/19KrTxxQS4Y,No,s
5409,24 Hrs Security Personal,Security Guards,"Nehru Outer Ring Road, Power Welfare Society, Kokapet, Hyderabad, Telangana 500075, India","Nehru Outer Ring Road, Power Welfare Society, Kokapet, Hyderabad, Telangana 500075, India",Srinidhi International School,"Apila Gated Community Apartments By EIPL Group | Spectacular, Stylish And Spacious",https://www.youtube.com/embed/2kgy4trKb0U,Yes,s
5416,24 Hrs Security Personal,Security Guards,"Nehru Outer Ring Road, Power Welfare Society, Kokapet, Hyderabad, Telangana 500075, India","Nehru Outer Ring Road, Power Welfare Society, Kokapet, Hyderabad, Telangana 500075, India",Srinidhi International School,Important Factors that Influence Home Buying Decisions,https://www.youtube.com/embed/19KrTxxQS4Y,No,s
5423,24 Hrs Security Personal,Security Guards,"Nehru Outer Ring Road, Power Welfare Society, Kokapet, Hyderabad, Telangana 500075, India","Nehru Outer Ring Road, Power Welfare Society, Kokapet, Hyderabad, Telangana 500075, India",Continental Hospital,"Apila Gated Community Apartments By EIPL Group | Spectacular, Stylish And Spacious",https://www.youtube.com/embed/2kgy4trKb0U,Yes,s
5430,24 Hrs Security Personal,Security Guards,"Nehru Outer Ring Road, Power Welfare Society, Kokapet, Hyderabad, Telangana 500075, India","Nehru Outer Ring Road, Power Welfare Society, Kokapet, Hyderabad, Telangana 500075, India",Continental Hospital,Important Factors that Influence Home Buying Decisions,https://www.youtube.com/embed/19KrTxxQS4Y,No,s
5437,24 Hrs Security Personal,Security Guards,"Nehru Outer Ring Road, Power Welfare Society, Kokapet, Hyderabad, Telangana 500075, India","Nehru Outer Ring Road, Power Welfare Society, Kokapet, Hyderabad, Telangana 500075, India",Inorbit Mall,"Apila Gated Community Apartments By EIPL Group | Spectacular, Stylish And Spacious",https://www.youtube.com/embed/2kgy4trKb0U,Yes,s
5444,24 Hrs Security Personal,Security Guards,"Nehru Outer Ring Road, Power Welfare Society, Kokapet, Hyderabad, Telangana 500075, India","Nehru Outer Ring Road, Power Welfare Society, Kokapet, Hyderabad, Telangana 500075, India",Inorbit Mall,Important Factors that Influence Home Buying Decisions,https://www.youtube.com/embed/19KrTxxQS4Y,No,s
5451,24 Hrs Security Personal,Security Guards,"Nehru Outer Ring Road, Power Welfare Society, Kokapet, Hyderabad, Telangana 500075, India","Nehru Outer Ring Road, Power Welfare Society, Kokapet, Hyderabad, Telangana 500075, India",Rajiv Gandhi International Airport,"Apila Gated Community Apartments By EIPL Group | Spectacular, Stylish And Spacious",https://www.youtube.com/embed/2kgy4trKb0U,Yes,s
5458,24 Hrs Security Personal,Security Guards,"Nehru Outer Ring Road, Power Welfare Society, Kokapet, Hyderabad, Telangana 500075, India","Nehru Outer Ring Road, Power Welfare Society, Kokapet, Hyderabad, Telangana 500075, India",Rajiv Gandhi International Airport,Important Factors that Influence Home Buying Decisions,https://www.youtube.com/embed/19KrTxxQS4Y,No,s
5465,24 Hrs Security Personal,Security Guards,"Nehru Outer Ring Road, Power Welfare Society, Kokapet, Hyderabad, Telangana 500075, India","Nehru Outer Ring Road, Power Welfare Society, Kokapet, Hyderabad, Telangana 500075, India",Narsingi  ORR Junction,"Apila Gated Community Apartments By EIPL Group | Spectacular, Stylish And Spacious",https://www.youtube.com/embed/2kgy4trKb0U,Yes,s
5472,24 Hrs Security Personal,Security Guards,"Nehru Outer Ring Road, Power Welfare Society, Kokapet, Hyderabad, Telangana 500075, India","Nehru Outer Ring Road, Power Welfare Society, Kokapet, Hyderabad, Telangana 500075, India",Narsingi  ORR Junction,Important Factors that Influence Home Buying Decisions,https://www.youtube.com/embed/19KrTxxQS4Y,No,s
5479,24 Hrs Security Personal,Security Guards,"Nehru Outer Ring Road, Power Welfare Society, Kokapet, Hyderabad, Telangana 500075, India","Nehru Outer Ring Road, Power Welfare Society, Kokapet, Hyderabad, Telangana 500075, India",Gachibowli Junction,"Apila Gated Community Apartments By EIPL Group | Spectacular, Stylish And Spacious",https://www.youtube.com/embed/2kgy4trKb0U,Yes,s
5486,24 Hrs Security Personal,Security Guards,"Nehru Outer Ring Road, Power Welfare Society, Kokapet, Hyderabad, Telangana 500075, India","Nehru Outer Ring Road, Power Welfare Society, Kokapet, Hyderabad, Telangana 500075, India",Gachibowli Junction,Important Factors that Influence Home Buying Decisions,https://www.youtube.com/embed/19KrTxxQS4Y,No,s
5493,24 Hrs Security Personal,Security Guards,"Nehru Outer Ring Road, Power Welfare Society, Kokapet, Hyderabad, Telangana 500075, India","Nehru Outer Ring Road, Power Welfare Society, Kokapet, Hyderabad, Telangana 500075, India",Gachibowli Wipro Circle,"Apila Gated Community Apartments By EIPL Group | Spectacular, Stylish And Spacious",https://www.youtube.com/embed/2kgy4trKb0U,Yes,s
5500,24 Hrs Security Personal,Security Guards,"Nehru Outer Ring Road, Power Welfare Society, Kokapet, Hyderabad, Telangana 500075, India","Nehru Outer Ring Road, Power Welfare Society, Kokapet, Hyderabad, Telangana 500075, India",Gachibowli Wipro Circle,Important Factors that Influence Home Buying Decisions,https://www.youtube.com/embed/19KrTxxQS4Y,No,s
5507,24 Hrs Security Personal,Security Guards,"Nehru Outer Ring Road, Power Welfare Society, Kokapet, Hyderabad, Telangana 500075, India","Nehru Outer Ring Road, Power Welfare Society, Kokapet, Hyderabad, Telangana 500075, India",Mrigavani National Park,"Apila Gated Community Apartments By EIPL Group | Spectacular, Stylish And Spacious",https://www.youtube.com/embed/2kgy4trKb0U,Yes,s
5514,24 Hrs Security Personal,Security Guards,"Nehru Outer Ring Road, Power Welfare Society, Kokapet, Hyderabad, Telangana 500075, India","Nehru Outer Ring Road, Power Welfare Society, Kokapet, Hyderabad, Telangana 500075, India",Mrigavani National Park,Important Factors that Influence Home Buying Decisions,https://www.youtube.com/embed/19KrTxxQS4Y,No,s
5521,24 Hrs Security Personal,Security Guard,"Shankarpalli - Hyderabad Road, Gandipet, Hyderabad, Telangana 500075, India","Shankarpalli - Hyderabad Road, Gandipet, Hyderabad, Telangana 500075, India",D.P.S School,"Apila Gated Community Apartments By EIPL Group | Spectacular, Stylish And Spacious",https://www.youtube.com/embed/2kgy4trKb0U,Yes,s
5527,24 Hrs Security Personal,Security Guard,"Shankarpalli - Hyderabad Road, Gandipet, Hyderabad, Telangana 500075, India","Shankarpalli - Hyderabad Road, Gandipet, Hyderabad, Telangana 500075, India",D.P.S School,Important Factors that Influence Home Buying Decisions,https://www.youtube.com/embed/19KrTxxQS4Y,No,s
5533,24 Hrs Security Personal,Security Guard,"Shankarpalli - Hyderabad Road, Gandipet, Hyderabad, Telangana 500075, India","Shankarpalli - Hyderabad Road, Gandipet, Hyderabad, Telangana 500075, India",Oakridge International School,"Apila Gated Community Apartments By EIPL Group | Spectacular, Stylish And Spacious",https://www.youtube.com/embed/2kgy4trKb0U,Yes,s
5539,24 Hrs Security Personal,Security Guard,"Shankarpalli - Hyderabad Road, Gandipet, Hyderabad, Telangana 500075, India","Shankarpalli - Hyderabad Road, Gandipet, Hyderabad, Telangana 500075, India",Oakridge International School,Important Factors that Influence Home Buying Decisions,https://www.youtube.com/embed/19KrTxxQS4Y,No,s
5545,24 Hrs Security Personal,Security Guard,"Shankarpalli - Hyderabad Road, Gandipet, Hyderabad, Telangana 500075, India","Shankarpalli - Hyderabad Road, Gandipet, Hyderabad, Telangana 500075, India",Rockwell International School,"Apila Gated Community Apartments By EIPL Group | Spectacular, Stylish And Spacious",https://www.youtube.com/embed/2kgy4trKb0U,Yes,s
5551,24 Hrs Security Personal,Security Guard,"Shankarpalli - Hyderabad Road, Gandipet, Hyderabad, Telangana 500075, India","Shankarpalli - Hyderabad Road, Gandipet, Hyderabad, Telangana 500075, India",Rockwell International School,Important Factors that Influence Home Buying Decisions,https://www.youtube.com/embed/19KrTxxQS4Y,No,s
5557,24 Hrs Security Personal,Security Guard,"Shankarpalli - Hyderabad Road, Gandipet, Hyderabad, Telangana 500075, India","Shankarpalli - Hyderabad Road, Gandipet, Hyderabad, Telangana 500075, India",Srinidhi International School,"Apila Gated Community Apartments By EIPL Group | Spectacular, Stylish And Spacious",https://www.youtube.com/embed/2kgy4trKb0U,Yes,s
5563,24 Hrs Security Personal,Security Guard,"Shankarpalli - Hyderabad Road, Gandipet, Hyderabad, Telangana 500075, India","Shankarpalli - Hyderabad Road, Gandipet, Hyderabad, Telangana 500075, India",Srinidhi International School,Important Factors that Influence Home Buying Decisions,https://www.youtube.com/embed/19KrTxxQS4Y,No,s
5569,24 Hrs Security Personal,Security Guard,"Shankarpalli - Hyderabad Road, Gandipet, Hyderabad, Telangana 500075, India","Shankarpalli - Hyderabad Road, Gandipet, Hyderabad, Telangana 500075, India",Continental Hospital,"Apila Gated Community Apartments By EIPL Group | Spectacular, Stylish And Spacious",https://www.youtube.com/embed/2kgy4trKb0U,Yes,s
5575,24 Hrs Security Personal,Security Guard,"Shankarpalli - Hyderabad Road, Gandipet, Hyderabad, Telangana 500075, India","Shankarpalli - Hyderabad Road, Gandipet, Hyderabad, Telangana 500075, India",Continental Hospital,Important Factors that Influence Home Buying Decisions,https://www.youtube.com/embed/19KrTxxQS4Y,No,s
5581,24 Hrs Security Personal,Security Guard,"Shankarpalli - Hyderabad Road, Gandipet, Hyderabad, Telangana 500075, India","Shankarpalli - Hyderabad Road, Gandipet, Hyderabad, Telangana 500075, India",Rajiv Gandhi International Airport,"Apila Gated Community Apartments By EIPL Group | Spectacular, Stylish And Spacious",https://www.youtube.com/embed/2kgy4trKb0U,Yes,s
5587,24 Hrs Security Personal,Security Guard,"Shankarpalli - Hyderabad Road, Gandipet, Hyderabad, Telangana 500075, India","Shankarpalli - Hyderabad Road, Gandipet, Hyderabad, Telangana 500075, India",Rajiv Gandhi International Airport,Important Factors that Influence Home Buying Decisions,https://www.youtube.com/embed/19KrTxxQS4Y,No,s
5593,24 Hrs Security Personal,Security Guard,"Shankarpalli - Hyderabad Road, Gandipet, Hyderabad, Telangana 500075, India","Shankarpalli - Hyderabad Road, Gandipet, Hyderabad, Telangana 500075, India",Narsingi  ORR Junction,"Apila Gated Community Apartments By EIPL Group | Spectacular, Stylish And Spacious",https://www.youtube.com/embed/2kgy4trKb0U,Yes,s
5599,24 Hrs Security Personal,Security Guard,"Shankarpalli - Hyderabad Road, Gandipet, Hyderabad, Telangana 500075, India","Shankarpalli - Hyderabad Road, Gandipet, Hyderabad, Telangana 500075, India",Narsingi  ORR Junction,Important Factors that Influence Home Buying Decisions,https://www.youtube.com/embed/19KrTxxQS4Y,No,s
5605,24 Hrs Security Personal,Security Guard,"Shankarpalli - Hyderabad Road, Gandipet, Hyderabad, Telangana 500075, India","Shankarpalli - Hyderabad Road, Gandipet, Hyderabad, Telangana 500075, India",Gachibowli Junction,"Apila Gated Community Apartments By EIPL Group | Spectacular, Stylish And Spacious",https://www.youtube.com/embed/2kgy4trKb0U,Yes,s
5611,24 Hrs Security Personal,Security Guard,"Shankarpalli - Hyderabad Road, Gandipet, Hyderabad, Telangana 500075, India","Shankarpalli - Hyderabad Road, Gandipet, Hyderabad, Telangana 500075, India",Gachibowli Junction,Important Factors that Influence Home Buying Decisions,https://www.youtube.com/embed/19KrTxxQS4Y,No,s
5617,24 Hrs Security Personal,Security Guard,"Shankarpalli - Hyderabad Road, Gandipet, Hyderabad, Telangana 500075, India","Shankarpalli - Hyderabad Road, Gandipet, Hyderabad, Telangana 500075, India",Gachibowli Wipro Circle,"Apila Gated Community Apartments By EIPL Group | Spectacular, Stylish And Spacious",https://www.youtube.com/embed/2kgy4trKb0U,Yes,s
5623,24 Hrs Security Personal,Security Guard,"Shankarpalli - Hyderabad Road, Gandipet, Hyderabad, Telangana 500075, India","Shankarpalli - Hyderabad Road, Gandipet, Hyderabad, Telangana 500075, India",Gachibowli Wipro Circle,Important Factors that Influence Home Buying Decisions,https://www.youtube.com/embed/19KrTxxQS4Y,No,s
5629,24 Hrs Security Personal,Security Guard,"Shankarpalli - Hyderabad Road, Gandipet, Hyderabad, Telangana 500075, India","Shankarpalli - Hyderabad Road, Gandipet, Hyderabad, Telangana 500075, India",Mrigavani National Park,"Apila Gated Community Apartments By EIPL Group | Spectacular, Stylish And Spacious",https://www.youtube.com/embed/2kgy4trKb0U,Yes,s
5635,24 Hrs Security Personal,Security Guard,"Shankarpalli - Hyderabad Road, Gandipet, Hyderabad, Telangana 500075, India","Shankarpalli - Hyderabad Road, Gandipet, Hyderabad, Telangana 500075, India",Mrigavani National Park,Important Factors that Influence Home Buying Decisions,https://www.youtube.com/embed/19KrTxxQS4Y,No,s
6213,24 Hrs Security Personal,Security,"Novotel Hotel Rd, Izzathnagar, Kothaguda, Hyderabad, Telangana 500084, India","Novotel Hotel Rd, Izzathnagar, Kothaguda, Hyderabad, Telangana 500084, India",Sri Rama High School,VAASTHU GOKULAM APARTMENTS IN KONDAPUR HYDERABAD,https://www.youtube.com/embed/hc8PkQLxHvs,Yes,s
6219,24 Hrs Security Personal,Security,"Novotel Hotel Rd, Izzathnagar, Kothaguda, Hyderabad, Telangana 500084, India","Novotel Hotel Rd, Izzathnagar, Kothaguda, Hyderabad, Telangana 500084, India",Sujana Super Market,VAASTHU GOKULAM APARTMENTS IN KONDAPUR HYDERABAD,https://www.youtube.com/embed/hc8PkQLxHvs,Yes,s
6225,24 Hrs Security Personal,Security,"Novotel Hotel Rd, Izzathnagar, Kothaguda, Hyderabad, Telangana 500084, India","Novotel Hotel Rd, Izzathnagar, Kothaguda, Hyderabad, Telangana 500084, India",NH9 Mumbai Highway,VAASTHU GOKULAM APARTMENTS IN KONDAPUR HYDERABAD,https://www.youtube.com/embed/hc8PkQLxHvs,Yes,s
6231,24 Hrs Security Personal,Security,"Novotel Hotel Rd, Izzathnagar, Kothaguda, Hyderabad, Telangana 500084, India","Novotel Hotel Rd, Izzathnagar, Kothaguda, Hyderabad, Telangana 500084, India",JNTU Hyderabad,VAASTHU GOKULAM APARTMENTS IN KONDAPUR HYDERABAD,https://www.youtube.com/embed/hc8PkQLxHvs,Yes,s
6237,24 Hrs Security Personal,Security,"Novotel Hotel Rd, Izzathnagar, Kothaguda, Hyderabad, Telangana 500084, India","Novotel Hotel Rd, Izzathnagar, Kothaguda, Hyderabad, Telangana 500084, India",Vignan Vidyalaya Junior College,VAASTHU GOKULAM APARTMENTS IN KONDAPUR HYDERABAD,https://www.youtube.com/embed/hc8PkQLxHvs,Yes,s
6243,24 Hrs Security Personal,Security,"Novotel Hotel Rd, Izzathnagar, Kothaguda, Hyderabad, Telangana 500084, India","Novotel Hotel Rd, Izzathnagar, Kothaguda, Hyderabad, Telangana 500084, India",Hitech City Cyber Tower,VAASTHU GOKULAM APARTMENTS IN KONDAPUR HYDERABAD,https://www.youtube.com/embed/hc8PkQLxHvs,Yes,s
6249,24 Hrs Security Personal,Security,"120, Police Colony Rd, Raghavendra Colony, Kondapur, Hyderabad, Telangana 500084, India","120, Police Colony Rd, Raghavendra Colony, Kondapur, Hyderabad, Telangana 500084, India",Arbor International School,NCR NAVYA SAPPHIRE APARTMENTS IN KONDAPUR HYDERABAD,https://www.youtube.com/embed/pb7BoCRsYHY,Yes,s
6260,24 Hrs Security Personal,Security,"120, Police Colony Rd, Raghavendra Colony, Kondapur, Hyderabad, Telangana 500084, India","120, Police Colony Rd, Raghavendra Colony, Kondapur, Hyderabad, Telangana 500084, India",Kisan Mega Mart,NCR NAVYA SAPPHIRE APARTMENTS IN KONDAPUR HYDERABAD,https://www.youtube.com/embed/pb7BoCRsYHY,Yes,s
6271,24 Hrs Security Personal,Security,"120, Police Colony Rd, Raghavendra Colony, Kondapur, Hyderabad, Telangana 500084, India","120, Police Colony Rd, Raghavendra Colony, Kondapur, Hyderabad, Telangana 500084, India",NH9 Mumbai Highway,NCR NAVYA SAPPHIRE APARTMENTS IN KONDAPUR HYDERABAD,https://www.youtube.com/embed/pb7BoCRsYHY,Yes,s
6282,24 Hrs Security Personal,Security,"120, Police Colony Rd, Raghavendra Colony, Kondapur, Hyderabad, Telangana 500084, India","120, Police Colony Rd, Raghavendra Colony, Kondapur, Hyderabad, Telangana 500084, India",JNTU Hyderabad,NCR NAVYA SAPPHIRE APARTMENTS IN KONDAPUR HYDERABAD,https://www.youtube.com/embed/pb7BoCRsYHY,Yes,s
6293,24 Hrs Security Personal,Security,"120, Police Colony Rd, Raghavendra Colony, Kondapur, Hyderabad, Telangana 500084, India","120, Police Colony Rd, Raghavendra Colony, Kondapur, Hyderabad, Telangana 500084, India",Gachibowli DLF Building,NCR NAVYA SAPPHIRE APARTMENTS IN KONDAPUR HYDERABAD,https://www.youtube.com/embed/pb7BoCRsYHY,Yes,s
6304,24 Hrs Security Personal,Security,"120, Police Colony Rd, Raghavendra Colony, Kondapur, Hyderabad, Telangana 500084, India","120, Police Colony Rd, Raghavendra Colony, Kondapur, Hyderabad, Telangana 500084, India",Hitech City Cyber Tower,NCR NAVYA SAPPHIRE APARTMENTS IN KONDAPUR HYDERABAD,https://www.youtube.com/embed/pb7BoCRsYHY,Yes,s
6315,24 Hrs Security Personal,Security,"Botanical Garden Rd, Sai Pruthvi Enclave, Kondapur, Hyderabad, Telangana 500084, India","Botanical Garden Rd, Sai Pruthvi Enclave, Kondapur, Hyderabad, Telangana 500084, India",Arbor International School,"2BHK,3BHK UNDER CONSTRUCTION SEMIGATED GHMC APPROVED APARTMENT IN KONDAPUR",https://www.youtube.com/embed/M0YRc-l_aPo,Yes,s
6333,24 Hrs Security Personal,Security,"Botanical Garden Rd, Sai Pruthvi Enclave, Kondapur, Hyderabad, Telangana 500084, India","Botanical Garden Rd, Sai Pruthvi Enclave, Kondapur, Hyderabad, Telangana 500084, India",Sudherland Health Care,"2BHK,3BHK UNDER CONSTRUCTION SEMIGATED GHMC APPROVED APARTMENT IN KONDAPUR",https://www.youtube.com/embed/M0YRc-l_aPo,Yes,s
6351,24 Hrs Security Personal,Security,"Botanical Garden Rd, Sai Pruthvi Enclave, Kondapur, Hyderabad, Telangana 500084, India","Botanical Garden Rd, Sai Pruthvi Enclave, Kondapur, Hyderabad, Telangana 500084, India",NH9 Mumbai Highway,"2BHK,3BHK UNDER CONSTRUCTION SEMIGATED GHMC APPROVED APARTMENT IN KONDAPUR",https://www.youtube.com/embed/M0YRc-l_aPo,Yes,s
6369,24 Hrs Security Personal,Security,"Botanical Garden Rd, Sai Pruthvi Enclave, Kondapur, Hyderabad, Telangana 500084, India","Botanical Garden Rd, Sai Pruthvi Enclave, Kondapur, Hyderabad, Telangana 500084, India",JNTU Hyderabad,"2BHK,3BHK UNDER CONSTRUCTION SEMIGATED GHMC APPROVED APARTMENT IN KONDAPUR",https://www.youtube.com/embed/M0YRc-l_aPo,Yes,s
6387,24 Hrs Security Personal,Security,"Botanical Garden Rd, Sai Pruthvi Enclave, Kondapur, Hyderabad, Telangana 500084, India","Botanical Garden Rd, Sai Pruthvi Enclave, Kondapur, Hyderabad, Telangana 500084, India",Gachibowli DLF Building,"2BHK,3BHK UNDER CONSTRUCTION SEMIGATED GHMC APPROVED APARTMENT IN KONDAPUR",https://www.youtube.com/embed/M0YRc-l_aPo,Yes,s
6405,24 Hrs Security Personal,Security,"Botanical Garden Rd, Sai Pruthvi Enclave, Kondapur, Hyderabad, Telangana 500084, India","Botanical Garden Rd, Sai Pruthvi Enclave, Kondapur, Hyderabad, Telangana 500084, India",Hitech City Cyber Tower,"2BHK,3BHK UNDER CONSTRUCTION SEMIGATED GHMC APPROVED APARTMENT IN KONDAPUR",https://www.youtube.com/embed/M0YRc-l_aPo,Yes,s
6423,24 Hrs Security Personal,Security Guards,"1050, 6th Cross, Sri Ramnagar - Block B, Kondapur, Hyderabad, Telangana 500084, India","1050, 6th Cross, Sri Ramnagar - Block B, Kondapur, Hyderabad, Telangana 500084, IndiaKondapur, Hyderabad, Telangana 500084, India",International school,ADITYA DWARAKAMAYEE APARTMENTS IN KONDAPUR HYDERABAD,https://www.youtube.com/embed/7f0TbHZXj40,Yes,s
6435,24 Hrs Security Personal,Security Guards,"1050, 6th Cross, Sri Ramnagar - Block B, Kondapur, Hyderabad, Telangana 500084, India","1050, 6th Cross, Sri Ramnagar - Block B, Kondapur, Hyderabad, Telangana 500084, IndiaKondapur, Hyderabad, Telangana 500084, India",Shopping Centres,ADITYA DWARAKAMAYEE APARTMENTS IN KONDAPUR HYDERABAD,https://www.youtube.com/embed/7f0TbHZXj40,Yes,s
6447,24 Hrs Security Personal,Security Guards,"1050, 6th Cross, Sri Ramnagar - Block B, Kondapur, Hyderabad, Telangana 500084, India","1050, 6th Cross, Sri Ramnagar - Block B, Kondapur, Hyderabad, Telangana 500084, IndiaKondapur, Hyderabad, Telangana 500084, India",Miyapur X Road,ADITYA DWARAKAMAYEE APARTMENTS IN KONDAPUR HYDERABAD,https://www.youtube.com/embed/7f0TbHZXj40,Yes,s
6459,24 Hrs Security Personal,Security Guards,"1050, 6th Cross, Sri Ramnagar - Block B, Kondapur, Hyderabad, Telangana 500084, India","1050, 6th Cross, Sri Ramnagar - Block B, Kondapur, Hyderabad, Telangana 500084, IndiaKondapur, Hyderabad, Telangana 500084, India",JNTU Hyderabad,ADITYA DWARAKAMAYEE APARTMENTS IN KONDAPUR HYDERABAD,https://www.youtube.com/embed/7f0TbHZXj40,Yes,s
6471,24 Hrs Security Personal,Security Guards,"1050, 6th Cross, Sri Ramnagar - Block B, Kondapur, Hyderabad, Telangana 500084, India","1050, 6th Cross, Sri Ramnagar - Block B, Kondapur, Hyderabad, Telangana 500084, IndiaKondapur, Hyderabad, Telangana 500084, India",Cyber Towers,ADITYA DWARAKAMAYEE APARTMENTS IN KONDAPUR HYDERABAD,https://www.youtube.com/embed/7f0TbHZXj40,Yes,s
6483,24 Hrs Security Personal,Security Guards,"1050, 6th Cross, Sri Ramnagar - Block B, Kondapur, Hyderabad, Telangana 500084, India","1050, 6th Cross, Sri Ramnagar - Block B, Kondapur, Hyderabad, Telangana 500084, IndiaKondapur, Hyderabad, Telangana 500084, India",DLF Building,ADITYA DWARAKAMAYEE APARTMENTS IN KONDAPUR HYDERABAD,https://www.youtube.com/embed/7f0TbHZXj40,Yes,s
6495,24 Hrs Security Personal,Security Guards,"Pearl Village Rd, Masjid Banda, CMC Enclave, Kondapur, Hyderabad, Telangana 500084, India","Pearl Village Rd, Masjid Banda, CMC Enclave, Kondapur, Hyderabad, Telangana 500084, India",International School,KELLEN CMC APARTMENTS IN KONDAPUR HYDERABAD,https://www.youtube.com/embed/Tvwj-EFqnVc,Yes,s
6498,24 Hrs Security Personal,Security Guards,"Pearl Village Rd, Masjid Banda, CMC Enclave, Kondapur, Hyderabad, Telangana 500084, India","Pearl Village Rd, Masjid Banda, CMC Enclave, Kondapur, Hyderabad, Telangana 500084, India",Hospitals,KELLEN CMC APARTMENTS IN KONDAPUR HYDERABAD,https://www.youtube.com/embed/Tvwj-EFqnVc,Yes,s
6501,24 Hrs Security Personal,Security Guards,"Pearl Village Rd, Masjid Banda, CMC Enclave, Kondapur, Hyderabad, Telangana 500084, India","Pearl Village Rd, Masjid Banda, CMC Enclave, Kondapur, Hyderabad, Telangana 500084, India",Shopping Centers,KELLEN CMC APARTMENTS IN KONDAPUR HYDERABAD,https://www.youtube.com/embed/Tvwj-EFqnVc,Yes,s
6504,24 Hrs Security Personal,Security Guards,"Pearl Village Rd, Masjid Banda, CMC Enclave, Kondapur, Hyderabad, Telangana 500084, India","Pearl Village Rd, Masjid Banda, CMC Enclave, Kondapur, Hyderabad, Telangana 500084, India",JNTU Hyderabad,KELLEN CMC APARTMENTS IN KONDAPUR HYDERABAD,https://www.youtube.com/embed/Tvwj-EFqnVc,Yes,s
6507,24 Hrs Security Personal,Security Guards,"Pearl Village Rd, Masjid Banda, CMC Enclave, Kondapur, Hyderabad, Telangana 500084, India","Pearl Village Rd, Masjid Banda, CMC Enclave, Kondapur, Hyderabad, Telangana 500084, India",Cyber Towers,KELLEN CMC APARTMENTS IN KONDAPUR HYDERABAD,https://www.youtube.com/embed/Tvwj-EFqnVc,Yes,s
6510,24 Hrs Security Personal,Security Guards,"Pearl Village Rd, Masjid Banda, CMC Enclave, Kondapur, Hyderabad, Telangana 500084, India","Pearl Village Rd, Masjid Banda, CMC Enclave, Kondapur, Hyderabad, Telangana 500084, India",DLF Building,KELLEN CMC APARTMENTS IN KONDAPUR HYDERABAD,https://www.youtube.com/embed/Tvwj-EFqnVc,Yes,s
6513,24 Hrs Security Personal,Security,"SVC Treewalk, Fortune Kumkum Rd, Sai Pruthvi Enclave, Kondapur, Hyderabad, Telangana 500084, India","SVC Treewalk, Fortune Kumkum Rd, Sai Pruthvi Enclave, Kondapur, Hyderabad, Telangana 500084, India",NH9 Mumbai Highway,TREE WALK APARTMENTS IN KONDAPUR HYDERABAD,https://www.youtube.com/embed/Bq0p59RJyro,Yes,s
6610,24 Hrs Security Personal,Security,"SVC Treewalk, Fortune Kumkum Rd, Sai Pruthvi Enclave, Kondapur, Hyderabad, Telangana 500084, India","SVC Treewalk, Fortune Kumkum Rd, Sai Pruthvi Enclave, Kondapur, Hyderabad, Telangana 500084, India",Kothaguda Bus Stop,TREE WALK APARTMENTS IN KONDAPUR HYDERABAD,https://www.youtube.com/embed/Bq0p59RJyro,Yes,s
6707,24 Hrs Security Personal,Security,"SVC Treewalk, Fortune Kumkum Rd, Sai Pruthvi Enclave, Kondapur, Hyderabad, Telangana 500084, India","SVC Treewalk, Fortune Kumkum Rd, Sai Pruthvi Enclave, Kondapur, Hyderabad, Telangana 500084, India",JNTU Hyderabad,TREE WALK APARTMENTS IN KONDAPUR HYDERABAD,https://www.youtube.com/embed/Bq0p59RJyro,Yes,s
6804,24 Hrs Security Personal,Security,"SVC Treewalk, Fortune Kumkum Rd, Sai Pruthvi Enclave, Kondapur, Hyderabad, Telangana 500084, India","SVC Treewalk, Fortune Kumkum Rd, Sai Pruthvi Enclave, Kondapur, Hyderabad, Telangana 500084, India",University of Hyderabad,TREE WALK APARTMENTS IN KONDAPUR HYDERABAD,https://www.youtube.com/embed/Bq0p59RJyro,Yes,s
6901,24 Hrs Security Personal,Security,"SVC Treewalk, Fortune Kumkum Rd, Sai Pruthvi Enclave, Kondapur, Hyderabad, Telangana 500084, India","SVC Treewalk, Fortune Kumkum Rd, Sai Pruthvi Enclave, Kondapur, Hyderabad, Telangana 500084, India",Hitech City Cyber Tower,TREE WALK APARTMENTS IN KONDAPUR HYDERABAD,https://www.youtube.com/embed/Bq0p59RJyro,Yes,s
6998,24 Hrs Security Personal,Security Guards,"SriKara's Palm Residency, Hanuman Nagar, Raghavendra Colony, Kondapur, Hyderabad, Telangana 500084, India","SriKara's Palm Residency, Hanuman Nagar, Raghavendra Colony, Kondapur, Hyderabad, Telangana 500084, India",Chirec International School,AYYANA PRESTIGE APARTMENTS IN MASEED BANDA HYDERABAD,https://www.youtube.com/embed/jUYMmA21k14,Yes,s
7023,24 Hrs Security Personal,Security Guards,"SriKara's Palm Residency, Hanuman Nagar, Raghavendra Colony, Kondapur, Hyderabad, Telangana 500084, India","SriKara's Palm Residency, Hanuman Nagar, Raghavendra Colony, Kondapur, Hyderabad, Telangana 500084, India",Inorbit Mall,AYYANA PRESTIGE APARTMENTS IN MASEED BANDA HYDERABAD,https://www.youtube.com/embed/jUYMmA21k14,Yes,s
7048,24 Hrs Security Personal,Security Guards,"SriKara's Palm Residency, Hanuman Nagar, Raghavendra Colony, Kondapur, Hyderabad, Telangana 500084, India","SriKara's Palm Residency, Hanuman Nagar, Raghavendra Colony, Kondapur, Hyderabad, Telangana 500084, India",Miyapur Bus Stop,AYYANA PRESTIGE APARTMENTS IN MASEED BANDA HYDERABAD,https://www.youtube.com/embed/jUYMmA21k14,Yes,s
7073,24 Hrs Security Personal,Security Guards,"SriKara's Palm Residency, Hanuman Nagar, Raghavendra Colony, Kondapur, Hyderabad, Telangana 500084, India","SriKara's Palm Residency, Hanuman Nagar, Raghavendra Colony, Kondapur, Hyderabad, Telangana 500084, India",JNTU Hyderabad,AYYANA PRESTIGE APARTMENTS IN MASEED BANDA HYDERABAD,https://www.youtube.com/embed/jUYMmA21k14,Yes,s
7098,24 Hrs Security Personal,Security Guards,"SriKara's Palm Residency, Hanuman Nagar, Raghavendra Colony, Kondapur, Hyderabad, Telangana 500084, India","SriKara's Palm Residency, Hanuman Nagar, Raghavendra Colony, Kondapur, Hyderabad, Telangana 500084, India",Cyber Towers,AYYANA PRESTIGE APARTMENTS IN MASEED BANDA HYDERABAD,https://www.youtube.com/embed/jUYMmA21k14,Yes,s
7123,24 Hrs Security Personal,Security Guards,"SriKara's Palm Residency, Hanuman Nagar, Raghavendra Colony, Kondapur, Hyderabad, Telangana 500084, India","SriKara's Palm Residency, Hanuman Nagar, Raghavendra Colony, Kondapur, Hyderabad, Telangana 500084, India",DLF Building,AYYANA PRESTIGE APARTMENTS IN MASEED BANDA HYDERABAD,https://www.youtube.com/embed/jUYMmA21k14,Yes,s
7148,24 Hrs Security Personal,Security,"Spring St, ALIND Employees Colony, Serilingampally, Hyderabad, Telangana 500084, India","Spring St, ALIND Employees Colony, Serilingampally, Hyderabad, Telangana 500084, India",NH9 Mumbai Highway,SANVI URBAN APARTMENTS IN KONDAPUR HYDERABAD,https://www.youtube.com/embed/nhxMSNfQDJU,Yes,s
7154,24 Hrs Security Personal,Security,"Spring St, ALIND Employees Colony, Serilingampally, Hyderabad, Telangana 500084, India","Spring St, ALIND Employees Colony, Serilingampally, Hyderabad, Telangana 500084, India",Hyderabad Central University,SANVI URBAN APARTMENTS IN KONDAPUR HYDERABAD,https://www.youtube.com/embed/nhxMSNfQDJU,Yes,s
7160,24 Hrs Security Personal,Security,"Spring St, ALIND Employees Colony, Serilingampally, Hyderabad, Telangana 500084, India","Spring St, ALIND Employees Colony, Serilingampally, Hyderabad, Telangana 500084, India",JNTU Hyderabad,SANVI URBAN APARTMENTS IN KONDAPUR HYDERABAD,https://www.youtube.com/embed/nhxMSNfQDJU,Yes,s
7166,24 Hrs Security Personal,Security,"Spring St, ALIND Employees Colony, Serilingampally, Hyderabad, Telangana 500084, India","Spring St, ALIND Employees Colony, Serilingampally, Hyderabad, Telangana 500084, India",Gachibowli DLF Building,SANVI URBAN APARTMENTS IN KONDAPUR HYDERABAD,https://www.youtube.com/embed/nhxMSNfQDJU,Yes,s
7172,24 Hrs Security Personal,Security,"Spring St, ALIND Employees Colony, Serilingampally, Hyderabad, Telangana 500084, India","Spring St, ALIND Employees Colony, Serilingampally, Hyderabad, Telangana 500084, India",Hitech City Cyber Tower,SANVI URBAN APARTMENTS IN KONDAPUR HYDERABAD,https://www.youtube.com/embed/nhxMSNfQDJU,Yes,s
7178,24 Hrs Security Personal,Security,"Masjid Banda Rd, Sai Pruthvi Enclave, Kondapur, Hyderabad, Telangana 500084, India","Masjid Banda Rd, Sai Pruthvi Enclave, Kondapur, Hyderabad, Telangana 500084, India",Arbor International School,RV PANCHAJANYA APARTMENTS IN MASEED BANDA HYDERABAD,https://www.youtube.com/embed/aHWzuOx_EF4,Yes,s
7422,24 Hrs Security Personal,Security,"Masjid Banda Rd, Sai Pruthvi Enclave, Kondapur, Hyderabad, Telangana 500084, India","Masjid Banda Rd, Sai Pruthvi Enclave, Kondapur, Hyderabad, Telangana 500084, India",Vijetha Super Market,RV PANCHAJANYA APARTMENTS IN MASEED BANDA HYDERABAD,https://www.youtube.com/embed/aHWzuOx_EF4,Yes,s
7666,24 Hrs Security Personal,Security,"Masjid Banda Rd, Sai Pruthvi Enclave, Kondapur, Hyderabad, Telangana 500084, India","Masjid Banda Rd, Sai Pruthvi Enclave, Kondapur, Hyderabad, Telangana 500084, India",HDFC Bank,RV PANCHAJANYA APARTMENTS IN MASEED BANDA HYDERABAD,https://www.youtube.com/embed/aHWzuOx_EF4,Yes,s
7910,24 Hrs Security Personal,Security,"Masjid Banda Rd, Sai Pruthvi Enclave, Kondapur, Hyderabad, Telangana 500084, India","Masjid Banda Rd, Sai Pruthvi Enclave, Kondapur, Hyderabad, Telangana 500084, India",Hyderabad Central University,RV PANCHAJANYA APARTMENTS IN MASEED BANDA HYDERABAD,https://www.youtube.com/embed/aHWzuOx_EF4,Yes,s
8154,24 Hrs Security Personal,Security,"Masjid Banda Rd, Sai Pruthvi Enclave, Kondapur, Hyderabad, Telangana 500084, India","Masjid Banda Rd, Sai Pruthvi Enclave, Kondapur, Hyderabad, Telangana 500084, India",JNTU Hyderabad,RV PANCHAJANYA APARTMENTS IN MASEED BANDA HYDERABAD,https://www.youtube.com/embed/aHWzuOx_EF4,Yes,s
8398,24 Hrs Security Personal,Security,"Masjid Banda Rd, Sai Pruthvi Enclave, Kondapur, Hyderabad, Telangana 500084, India","Masjid Banda Rd, Sai Pruthvi Enclave, Kondapur, Hyderabad, Telangana 500084, India",Gachibowli DLF Building,RV PANCHAJANYA APARTMENTS IN MASEED BANDA HYDERABAD,https://www.youtube.com/embed/aHWzuOx_EF4,Yes,s
8642,24 Hrs Security Personal,Security,"Masjid Banda Rd, Sai Pruthvi Enclave, Kondapur, Hyderabad, Telangana 500084, India","Masjid Banda Rd, Sai Pruthvi Enclave, Kondapur, Hyderabad, Telangana 500084, India",Hitech City Cyber Tower,RV PANCHAJANYA APARTMENTS IN MASEED BANDA HYDERABAD,https://www.youtube.com/embed/aHWzuOx_EF4,Yes,s
8886,24 Hrs Security Personal,Security,"Unnamed Road, Gachibowli, Hyderabad, Telangana 500075, India","Unnamed Road, Gachibowli, Hyderabad, Telangana 500075, India",MMTS Lingampally,SANVI MEDOWS APARTMENTS IN KONDAPUR HYDERABAD,https://www.youtube.com/embed/9cmYZ0YmWGY,Yes,s
8894,24 Hrs Security Personal,Security,"Unnamed Road, Gachibowli, Hyderabad, Telangana 500075, India","Unnamed Road, Gachibowli, Hyderabad, Telangana 500075, India",Hyderabad Central University,SANVI MEDOWS APARTMENTS IN KONDAPUR HYDERABAD,https://www.youtube.com/embed/9cmYZ0YmWGY,Yes,s
8902,24 Hrs Security Personal,Security,"Unnamed Road, Gachibowli, Hyderabad, Telangana 500075, India","Unnamed Road, Gachibowli, Hyderabad, Telangana 500075, India",JNTU Hyderabad,SANVI MEDOWS APARTMENTS IN KONDAPUR HYDERABAD,https://www.youtube.com/embed/9cmYZ0YmWGY,Yes,s
8910,24 Hrs Security Personal,Security,"Unnamed Road, Gachibowli, Hyderabad, Telangana 500075, India","Unnamed Road, Gachibowli, Hyderabad, Telangana 500075, India",Gachibowli DLF Building,SANVI MEDOWS APARTMENTS IN KONDAPUR HYDERABAD,https://www.youtube.com/embed/9cmYZ0YmWGY,Yes,s
8918,24 Hrs Security Personal,Security,"Unnamed Road, Gachibowli, Hyderabad, Telangana 500075, India","Unnamed Road, Gachibowli, Hyderabad, Telangana 500075, India",Hitech City Cyber Tower,SANVI MEDOWS APARTMENTS IN KONDAPUR HYDERABAD,https://www.youtube.com/embed/9cmYZ0YmWGY,Yes,s
8926,24 Hrs Security Personal,Security,"14/175, Masjid Banda Main Rd, Prabhu Pada Colony, NCB Enclave, Gachibowli, Hyderabad, Telangana 500084, India","14/175, Masjid Banda Main Rd, Prabhu Pada Colony, NCB Enclave, Gachibowli, Hyderabad, Telangana 500084, India",Arbor International School,HANUMA HEIGHTS APARTMENTS IN KONDAPUR HYDERABAD,https://www.youtube.com/embed/L_QU3Zk8z7Q,Yes,s
8945,24 Hrs Security Personal,Security,"14/175, Masjid Banda Main Rd, Prabhu Pada Colony, NCB Enclave, Gachibowli, Hyderabad, Telangana 500084, India","14/175, Masjid Banda Main Rd, Prabhu Pada Colony, NCB Enclave, Gachibowli, Hyderabad, Telangana 500084, India",Sudherland Health Care Hospital,HANUMA HEIGHTS APARTMENTS IN KONDAPUR HYDERABAD,https://www.youtube.com/embed/L_QU3Zk8z7Q,Yes,s
8964,24 Hrs Security Personal,Security,"14/175, Masjid Banda Main Rd, Prabhu Pada Colony, NCB Enclave, Gachibowli, Hyderabad, Telangana 500084, India","14/175, Masjid Banda Main Rd, Prabhu Pada Colony, NCB Enclave, Gachibowli, Hyderabad, Telangana 500084, India",JNTU Hyderabad,HANUMA HEIGHTS APARTMENTS IN KONDAPUR HYDERABAD,https://www.youtube.com/embed/L_QU3Zk8z7Q,Yes,s
8983,24 Hrs Security Personal,Security,"14/175, Masjid Banda Main Rd, Prabhu Pada Colony, NCB Enclave, Gachibowli, Hyderabad, Telangana 500084, India","14/175, Masjid Banda Main Rd, Prabhu Pada Colony, NCB Enclave, Gachibowli, Hyderabad, Telangana 500084, India",Gachibowli DLF Building,HANUMA HEIGHTS APARTMENTS IN KONDAPUR HYDERABAD,https://www.youtube.com/embed/L_QU3Zk8z7Q,Yes,s
9002,24 Hrs Security Personal,Security,"14/175, Masjid Banda Main Rd, Prabhu Pada Colony, NCB Enclave, Gachibowli, Hyderabad, Telangana 500084, India","14/175, Masjid Banda Main Rd, Prabhu Pada Colony, NCB Enclave, Gachibowli, Hyderabad, Telangana 500084, India",Hitech City Cyber Tower,HANUMA HEIGHTS APARTMENTS IN KONDAPUR HYDERABAD,https://www.youtube.com/embed/L_QU3Zk8z7Q,Yes,s
9021,24 Hrs Security Personal,Security,"Ravi Enclave, Hanuman Nagar, Kothaguda, Hyderabad, Telangana 500084, India","Ravi Enclave, Hanuman Nagar, Kothaguda, Hyderabad, Telangana 500084, India",KIMS Hospital,MITRA CONSTRUCTIONS APARTMENTS IN KONDAPUR HYDERABAD,https://www.youtube.com/embed/e01im_Mw7Eo,Yes,s
9031,24 Hrs Security Personal,Security,"Ravi Enclave, Hanuman Nagar, Kothaguda, Hyderabad, Telangana 500084, India","Ravi Enclave, Hanuman Nagar, Kothaguda, Hyderabad, Telangana 500084, India",Metro Station,MITRA CONSTRUCTIONS APARTMENTS IN KONDAPUR HYDERABAD,https://www.youtube.com/embed/e01im_Mw7Eo,Yes,s
9041,24 Hrs Security Personal,Security,"Ravi Enclave, Hanuman Nagar, Kothaguda, Hyderabad, Telangana 500084, India","Ravi Enclave, Hanuman Nagar, Kothaguda, Hyderabad, Telangana 500084, India",JNTU Hyderabad,MITRA CONSTRUCTIONS APARTMENTS IN KONDAPUR HYDERABAD,https://www.youtube.com/embed/e01im_Mw7Eo,Yes,s
9051,24 Hrs Security Personal,Security,"Ravi Enclave, Hanuman Nagar, Kothaguda, Hyderabad, Telangana 500084, India","Ravi Enclave, Hanuman Nagar, Kothaguda, Hyderabad, Telangana 500084, India",Gachibowli DLF Building,MITRA CONSTRUCTIONS APARTMENTS IN KONDAPUR HYDERABAD,https://www.youtube.com/embed/e01im_Mw7Eo,Yes,s
9061,24 Hrs Security Personal,Security,"Ravi Enclave, Hanuman Nagar, Kothaguda, Hyderabad, Telangana 500084, India","Ravi Enclave, Hanuman Nagar, Kothaguda, Hyderabad, Telangana 500084, India",Hitech City Cyber Tower,MITRA CONSTRUCTIONS APARTMENTS IN KONDAPUR HYDERABAD,https://www.youtube.com/embed/e01im_Mw7Eo,Yes,s
9071,24 Hrs Security Personal,Security,"8th Cross Rd, Sri Ramnagar - Block B, Kondapur, Hyderabad, Telangana 500084, India","8th Cross Rd, Sri Ramnagar - Block B, Kondapur, Hyderabad, Telangana 500084, India",Sri Rama High School,Avantikas BHUVANAM APARTMENTS IN KONDAPUR HYDERABAD,https://www.youtube.com/embed/b_NfLm-9qGo,Yes,s
9075,24 Hrs Security Personal,Security,"8th Cross Rd, Sri Ramnagar - Block B, Kondapur, Hyderabad, Telangana 500084, India","8th Cross Rd, Sri Ramnagar - Block B, Kondapur, Hyderabad, Telangana 500084, India",Sri Lakshmi Mini Mart,Avantikas BHUVANAM APARTMENTS IN KONDAPUR HYDERABAD,https://www.youtube.com/embed/b_NfLm-9qGo,Yes,s
9079,24 Hrs Security Personal,Security,"8th Cross Rd, Sri Ramnagar - Block B, Kondapur, Hyderabad, Telangana 500084, India","8th Cross Rd, Sri Ramnagar - Block B, Kondapur, Hyderabad, Telangana 500084, India",State Bank ATM,Avantikas BHUVANAM APARTMENTS IN KONDAPUR HYDERABAD,https://www.youtube.com/embed/b_NfLm-9qGo,Yes,s
9083,24 Hrs Security Personal,Security,"8th Cross Rd, Sri Ramnagar - Block B, Kondapur, Hyderabad, Telangana 500084, India","8th Cross Rd, Sri Ramnagar - Block B, Kondapur, Hyderabad, Telangana 500084, India",Hyderabad Central University,Avantikas BHUVANAM APARTMENTS IN KONDAPUR HYDERABAD,https://www.youtube.com/embed/b_NfLm-9qGo,Yes,s
9087,24 Hrs Security Personal,Security,"8th Cross Rd, Sri Ramnagar - Block B, Kondapur, Hyderabad, Telangana 500084, India","8th Cross Rd, Sri Ramnagar - Block B, Kondapur, Hyderabad, Telangana 500084, India",JNTU Hyderabad,Avantikas BHUVANAM APARTMENTS IN KONDAPUR HYDERABAD,https://www.youtube.com/embed/b_NfLm-9qGo,Yes,s
9091,24 Hrs Security Personal,Security,"8th Cross Rd, Sri Ramnagar - Block B, Kondapur, Hyderabad, Telangana 500084, India","8th Cross Rd, Sri Ramnagar - Block B, Kondapur, Hyderabad, Telangana 500084, India",Gachibowli DLF Building,Avantikas BHUVANAM APARTMENTS IN KONDAPUR HYDERABAD,https://www.youtube.com/embed/b_NfLm-9qGo,Yes,s
9095,24 Hrs Security Personal,Security,"8th Cross Rd, Sri Ramnagar - Block B, Kondapur, Hyderabad, Telangana 500084, India","8th Cross Rd, Sri Ramnagar - Block B, Kondapur, Hyderabad, Telangana 500084, India",Hitech City Cyber Tower,Avantikas BHUVANAM APARTMENTS IN KONDAPUR HYDERABAD,https://www.youtube.com/embed/b_NfLm-9qGo,Yes,s
9099,24 Hrs Security Personal,Security,"Unnamed Road, KMR Estates, Serilingampally, Hyderabad, Telangana 500084, India","Unnamed Road, KMR Estates, Serilingampally, Hyderabad, Telangana 500084, India",Arbor International School,SAI SUBHASHINI TOWERS APARTMENTS IN KONDAPUR HYDERABAD,https://www.youtube.com/embed/VjkR7bTZPdg,Yes,s
9164,24 Hrs Security Personal,Security,"Unnamed Road, KMR Estates, Serilingampally, Hyderabad, Telangana 500084, India","Unnamed Road, KMR Estates, Serilingampally, Hyderabad, Telangana 500084, India",JNTU Hyderabad,SAI SUBHASHINI TOWERS APARTMENTS IN KONDAPUR HYDERABAD,https://www.youtube.com/embed/VjkR7bTZPdg,Yes,s
9229,24 Hrs Security Personal,Security,"Unnamed Road, KMR Estates, Serilingampally, Hyderabad, Telangana 500084, India","Unnamed Road, KMR Estates, Serilingampally, Hyderabad, Telangana 500084, India",University of Hyderabad,SAI SUBHASHINI TOWERS APARTMENTS IN KONDAPUR HYDERABAD,https://www.youtube.com/embed/VjkR7bTZPdg,Yes,s
9294,24 Hrs Security Personal,Security,"Unnamed Road, KMR Estates, Serilingampally, Hyderabad, Telangana 500084, India","Unnamed Road, KMR Estates, Serilingampally, Hyderabad, Telangana 500084, India",Gachibowli DLF Building,SAI SUBHASHINI TOWERS APARTMENTS IN KONDAPUR HYDERABAD,https://www.youtube.com/embed/VjkR7bTZPdg,Yes,s
9359,24 Hrs Security Personal,Security,"Unnamed Road, KMR Estates, Serilingampally, Hyderabad, Telangana 500084, India","Unnamed Road, KMR Estates, Serilingampally, Hyderabad, Telangana 500084, India",Hitech City Cyber Tower,SAI SUBHASHINI TOWERS APARTMENTS IN KONDAPUR HYDERABAD,https://www.youtube.com/embed/VjkR7bTZPdg,Yes,s
9424,24 Hrs Security Personal,Security guards,"Unnamed Road, Sree Prabhupada Twp, Serilingampally, Hyderabad, Telangana 500084, India","Unnamed Road, Sree Prabhupada Twp, Serilingampally, Hyderabad, Telangana 500084, India",Arbor International School,Semi Gated Community Apartments for sale in Kondapur | Paramount Hill County,https://www.youtube.com/embed/vth4Q9oU4QA,Yes,s
9476,24 Hrs Security Personal,Security guards,"Unnamed Road, Sree Prabhupada Twp, Serilingampally, Hyderabad, Telangana 500084, India","Unnamed Road, Sree Prabhupada Twp, Serilingampally, Hyderabad, Telangana 500084, India",Heritage Super Market,Semi Gated Community Apartments for sale in Kondapur | Paramount Hill County,https://www.youtube.com/embed/vth4Q9oU4QA,Yes,s
9528,24 Hrs Security Personal,Security guards,"Unnamed Road, Sree Prabhupada Twp, Serilingampally, Hyderabad, Telangana 500084, India","Unnamed Road, Sree Prabhupada Twp, Serilingampally, Hyderabad, Telangana 500084, India",KIMS Hospital,Semi Gated Community Apartments for sale in Kondapur | Paramount Hill County,https://www.youtube.com/embed/vth4Q9oU4QA,Yes,s
9580,24 Hrs Security Personal,Security guards,"Unnamed Road, Sree Prabhupada Twp, Serilingampally, Hyderabad, Telangana 500084, India","Unnamed Road, Sree Prabhupada Twp, Serilingampally, Hyderabad, Telangana 500084, India",HDFC Bank,Semi Gated Community Apartments for sale in Kondapur | Paramount Hill County,https://www.youtube.com/embed/vth4Q9oU4QA,Yes,s
9632,24 Hrs Security Personal,Security guards,"Unnamed Road, Sree Prabhupada Twp, Serilingampally, Hyderabad, Telangana 500084, India","Unnamed Road, Sree Prabhupada Twp, Serilingampally, Hyderabad, Telangana 500084, India",SBI Bank,Semi Gated Community Apartments for sale in Kondapur | Paramount Hill County,https://www.youtube.com/embed/vth4Q9oU4QA,Yes,s
9684,24 Hrs Security Personal,Security guards,"Unnamed Road, Sree Prabhupada Twp, Serilingampally, Hyderabad, Telangana 500084, India","Unnamed Road, Sree Prabhupada Twp, Serilingampally, Hyderabad, Telangana 500084, India",Cyber Towers,Semi Gated Community Apartments for sale in Kondapur | Paramount Hill County,https://www.youtube.com/embed/vth4Q9oU4QA,Yes,s
9736,24 Hrs Security Personal,Security guards,"Unnamed Road, Sree Prabhupada Twp, Serilingampally, Hyderabad, Telangana 500084, India","Unnamed Road, Sree Prabhupada Twp, Serilingampally, Hyderabad, Telangana 500084, India",DLF  Cyber city,Semi Gated Community Apartments for sale in Kondapur | Paramount Hill County,https://www.youtube.com/embed/vth4Q9oU4QA,Yes,s
9788,24 Hrs Security Personal,Security guards,"Unnamed Road, Sree Prabhupada Twp, Serilingampally, Hyderabad, Telangana 500084, India","Unnamed Road, Sree Prabhupada Twp, Serilingampally, Hyderabad, Telangana 500084, India",Gachibowli DLF Building,Semi Gated Community Apartments for sale in Kondapur | Paramount Hill County,https://www.youtube.com/embed/vth4Q9oU4QA,Yes,s
9840,24 Hrs Security Personal,Security Guards,"Unnamed Road, Financial District, Nanakram Guda, Hyderabad, Telangana 500032, India","Unnamed Road, Financial District, Nanakram Guda, Hyderabad, Telangana 500032, India",Avn Vida International School,PRESTIGE HIGH FIELDS APARTMENTS IN NANAKRAMGUDA HYDERABAD,https://www.youtube.com/embed/V6iZ7VgFUYM,Yes,s
10002,24 Hrs Security Personal,Security Guards,"Unnamed Road, Financial District, Nanakram Guda, Hyderabad, Telangana 500032, India","Unnamed Road, Financial District, Nanakram Guda, Hyderabad, Telangana 500032, India",More Super Market,PRESTIGE HIGH FIELDS APARTMENTS IN NANAKRAMGUDA HYDERABAD,https://www.youtube.com/embed/V6iZ7VgFUYM,Yes,s
10164,24 Hrs Security Personal,Security Guards,"Unnamed Road, Financial District, Nanakram Guda, Hyderabad, Telangana 500032, India","Unnamed Road, Financial District, Nanakram Guda, Hyderabad, Telangana 500032, India",Continental Hospital,PRESTIGE HIGH FIELDS APARTMENTS IN NANAKRAMGUDA HYDERABAD,https://www.youtube.com/embed/V6iZ7VgFUYM,Yes,s
10326,24 Hrs Security Personal,Security Guards,"Unnamed Road, Financial District, Nanakram Guda, Hyderabad, Telangana 500032, India","Unnamed Road, Financial District, Nanakram Guda, Hyderabad, Telangana 500032, India",ICICI ATM,PRESTIGE HIGH FIELDS APARTMENTS IN NANAKRAMGUDA HYDERABAD,https://www.youtube.com/embed/V6iZ7VgFUYM,Yes,s
10488,24 Hrs Security Personal,Security Guards,"Unnamed Road, Financial District, Nanakram Guda, Hyderabad, Telangana 500032, India","Unnamed Road, Financial District, Nanakram Guda, Hyderabad, Telangana 500032, India",Lingampally  MMTS Station,PRESTIGE HIGH FIELDS APARTMENTS IN NANAKRAMGUDA HYDERABAD,https://www.youtube.com/embed/V6iZ7VgFUYM,Yes,s
